-- qiymatlar to'ldirish
-- halls
insert into halls (id, name, vip_additional_fee_in_percentage, created_at, updated_at) values ('c45ab69a-057f-43ae-95b4-e8e7300c4e84', 'strategy', 0,'2022-02-05','2022-03-10');
insert into halls (id, name, vip_additional_fee_in_percentage, created_at, updated_at) values ('0a7c8fe5-1291-4043-855b-c937b9371889', 'mission-critical', 15,'2022-01-21','2022-02-17');
insert into halls (id, name, vip_additional_fee_in_percentage, created_at, updated_at) values ('f1a897aa-7ce0-4695-a3d6-977eaed981f0', 'forecast', 0,'2022-01-13','2022-03-05');
insert into halls (id, name, vip_additional_fee_in_percentage, created_at, updated_at) values ('66f4acdb-3e8c-4a83-8000-80dc1bb644db', 'Re-engineered', 19,'2022-01-04','2022-03-02');
insert into halls (id, name, vip_additional_fee_in_percentage, created_at, updated_at) values ('6d47e929-fcca-4607-9601-9d5d2ff98a83', 'Cross-group', 0,'2022-02-07','2022-03-31');
insert into halls (id, name, vip_additional_fee_in_percentage, created_at, updated_at) values ('92a73cbb-7b5f-43a7-b45b-41ceb2aaad1e', 'coherent', 0,'2022-02-06','2022-02-16');
insert into halls (id, name, vip_additional_fee_in_percentage, created_at, updated_at) values ('3bee766e-8351-4ac5-b9f7-1de3218eb9cb', 'analyzing', 0,'2022-01-25','2022-03-11');
insert into halls (id, name, vip_additional_fee_in_percentage, created_at, updated_at) values ('9d121e1b-49dc-43cd-ba20-fe89ac8df986', 'structure', 0,'2022-01-03','2022-04-01');
insert into halls (id, name, vip_additional_fee_in_percentage, created_at, updated_at) values ('5eb1efcc-89f1-4286-a834-f1500416347a', 'Compatible', 14,'2022-01-13','2022-02-16');
insert into halls (id, name, vip_additional_fee_in_percentage, created_at, updated_at) values ('13e241ce-c967-44c2-8804-db44a64516fe', 'info-mediaries', 26,'2022-01-19','2022-03-13');


-- genres
insert into genres (id, name,created_at,updated_at) values ('f0df1456-e4fb-4b9d-9bf1-30bd292ae2b4', 'Comedy|Romance', '2022-01-04','2022-02-27');
insert into genres (id, name,created_at,updated_at) values ('a627ed7f-314f-440b-baba-fc9e9f2ff0c1', 'Romance', '2022-01-31','2022-02-17');
insert into genres (id, name,created_at,updated_at) values ('6eadfa0c-c41f-4938-a5a9-43a823b0d831', 'Horror', '2022-02-07','2022-02-23');
insert into genres (id, name,created_at,updated_at) values ('ab83956a-ff58-4959-8f5a-e96ad1587090', 'Comedy', '2022-01-05','2022-03-10');
insert into genres (id, name,created_at,updated_at) values ('112cdcb9-c300-412f-b10b-ddf17209fcaa', 'Comedy|Drama|Romance', '2022-01-01','2022-03-04');
insert into genres (id, name,created_at,updated_at) values ('24681d7d-47d8-44e5-8eef-9b6343a4aa7c', 'Drama|Romance', '2022-02-04','2022-03-27');
insert into genres (id, name,created_at,updated_at) values ('0bdc6d59-9161-4308-8584-d9d086ff53c6', 'Drama|Thriller', '2022-01-20','2022-03-19');
insert into genres (id, name,created_at,updated_at) values ('f0ae17e3-5891-4071-a50e-329e5992fac7', 'Thriller', '2022-01-13','2022-02-22');
insert into genres (id, name,created_at,updated_at) values ('745c85b6-c446-419b-89f7-0aeb3ed9fcd4', 'Action|Thriller', '2022-01-02','2022-03-11');
insert into genres (id, name,created_at,updated_at) values ('e9ddfba3-0bb1-465c-86d5-f512857805be', 'Comedy|Musical', '2022-01-18','2022-03-15');


-- actors
insert into actors (id, full_name, bio, date_of_birth,created_at, updated_at) values ('24a780af-4344-4316-aac2-8f3518f99934', 'Janaye Grabert', 'sapien urna pretium', '04-Sep-2021', '2022-01-06','2022-02-28');
insert into actors (id, full_name, bio, date_of_birth,created_at, updated_at) values ('26d8dd3f-dfa4-42cb-8a84-1662ab2176ec', 'Gui Featherstone', 'quisque', '02-Nov-2021', '2022-01-19','2022-03-07');
insert into actors (id, full_name, bio, date_of_birth,created_at, updated_at) values ('b9b96f93-a027-4d69-b67a-158cebd6c270', 'Hephzibah Grestie', 'non mattis', '20-Nov-2021', '2022-01-07','2022-03-13');
insert into actors (id, full_name, bio, date_of_birth,created_at, updated_at) values ('953a9390-dbe9-4a11-b1d5-96f4cf05c7c8', 'Mireille Hulburt', 'quis', '17-Jun-2021', '2022-01-21','2022-02-21');
insert into actors (id, full_name, bio, date_of_birth,created_at, updated_at) values ('aefdb395-3c30-4dfa-9407-1fba84b91f97', 'Cherry Cousens', 'non', '12-Oct-2021', '2022-01-25','2022-03-30');
insert into actors (id, full_name, bio, date_of_birth,created_at, updated_at) values ('088e51a4-de30-49db-a510-df991a61a787', 'Marylee Krugmann', 'quis', '10-Apr-2021', '2022-01-21','2022-02-20');
insert into actors (id, full_name, bio, date_of_birth,created_at, updated_at) values ('f292081d-b35a-4458-8156-98cae41b37f9', 'Liv Binden', 'non', '16-Nov-2021', '2022-02-07','2022-03-03');
insert into actors (id, full_name, bio, date_of_birth,created_at, updated_at) values ('afc1ce3a-8e4c-41b5-96b1-16a4eb3ddc35', 'Norine Klink', 'aliquet pulvinar', '19-Sep-2021', '2022-01-19','2022-03-20');
insert into actors (id, full_name, bio, date_of_birth,created_at, updated_at) values ('f9c8d072-8381-4e42-a7cd-fa6c4985955b', 'Arielle Mingo', 'nibh in quis', '23-Nov-2021', '2022-01-22','2022-03-01');
insert into actors (id, full_name, bio, date_of_birth,created_at, updated_at) values ('4abdeb8e-4b20-43b3-a964-58a7dca086f4', 'Yolanthe Jovis', 'mattis', '25-Feb-2022', '2022-01-04','2022-02-22');


-- countries
insert into countries (id, name, description, created_at, updated_at) values ('8aa6dd96-2a3e-489a-ba5f-97e5a34f5262', 'Azerbaijan', 'solution', '2022-01-15', '2022-03-06');
insert into countries (id, name, description, created_at, updated_at) values ('fc111168-2cb1-4a9f-8252-69e0803813f6', 'Afghanistan', 'analyzing', '2022-01-04', '2022-03-25');
insert into countries (id, name, description, created_at, updated_at) values ('aa1dc648-a053-4b2f-9254-d5ff2d68db02', 'Azerbaijani', 'time-frame', '2022-01-31', '2022-03-27');
insert into countries (id, name, description, created_at, updated_at) values ('5ec4c704-4515-434e-9fb5-7007120766f8', 'Togo', 'Multi-lateral', '2022-01-31', '2022-03-17');
insert into countries (id, name, description, created_at, updated_at) values ('d0f514c5-8cab-4ca6-91d2-93a3a15db986', 'Rwanda', 'demand-driven', '2022-02-03', '2022-03-19');
insert into countries (id, name, description, created_at, updated_at) values ('bc445a6d-66c4-4eb6-a511-00b478e81271', 'Angola', 'homogeneous', '2022-02-02', '2022-03-15');
insert into countries (id, name, description, created_at, updated_at) values ('297d2136-a799-4c24-b570-772be88ddca9', 'Sweden', 'function', '2022-02-08', '2022-03-08');
insert into countries (id, name, description, created_at, updated_at) values ('65fc9632-b0d5-46ce-961f-fc2485fc83bd', 'Mexico', 'initiative', '2022-01-17', '2022-02-19');
insert into countries (id, name, description, created_at, updated_at) values ('ce6748c1-773c-4ca3-a6f0-22b9c899ad87', 'Tanzania', 'initiative', '2022-01-29', '2022-02-21');
insert into countries (id, name, description, created_at, updated_at) values ('0a1bf431-8536-4c05-b5c6-731d4f80b88c', 'Portugal', 'initiative', '2022-01-16', '2022-03-09');
insert into countries (id, name, description, created_at, updated_at) values ('61674bcd-6c29-4b4f-8cca-257c3b6184bd', 'Haiti', 'initiative', '2022-01-22', '2022-02-21');



-- -directors

insert into directors (id, full_name, bio, date_of_birth, created_at,updated_at) values ('bb3cc199-bc5e-4788-9748-87caf02a7e14', 'Nada Dollin', 'nibh', '10-Sep-2021','2022-01-26','2022-03-14');
insert into directors (id, full_name, bio, date_of_birth, created_at,updated_at) values ('42e4509a-a0be-4561-b615-4255c09f3667', 'Gay Clemencet', 'tellus nulla ut', '16-Dec-2021','2022-01-23','2022-03-04');
insert into directors (id, full_name, bio, date_of_birth, created_at,updated_at) values ('fbd517a3-974e-4a3e-8bff-bb4b15a2195d', 'Ephraim Frankland', 'mi', '23-Oct-2021','2022-02-05','2022-03-10');
insert into directors (id, full_name, bio, date_of_birth, created_at,updated_at) values ('f5e38079-4830-4c1f-8a2b-ba125d4a5ad6', 'Gerry Neiland', 'at', '27-Aug-2021','2022-01-21','2022-02-17');
insert into directors (id, full_name, bio, date_of_birth, created_at,updated_at) values ('4bf43c0d-eb49-4922-8b81-30ea5c5eea8f', 'Conney Fetherstone', 'at ipsum ac', '20-Jul-2021','2022-01-13','2022-03-05');
insert into directors (id, full_name, bio, date_of_birth, created_at,updated_at) values ('f0517f1d-8e37-4120-8b8c-858cd1c1ce08', 'Morgan Lenormand', 'justo', '21-Feb-2022','2022-01-04','2022-03-02');
insert into directors (id, full_name, bio, date_of_birth, created_at,updated_at) values ('01582fca-9990-4bbb-8fc0-a5dc6a9a43fb', 'Brannon Farnworth', 'nec nisi', '01-Sep-2021','2022-02-07','2022-03-31');
insert into directors (id, full_name, bio, date_of_birth, created_at,updated_at) values ('8bf2ed2f-fa53-46fb-8fe8-d512179d38cb', 'Rachael Coutts', 'ac lobortis', '02-Jan-2022','2022-02-06','2022-02-16');
insert into directors (id, full_name, bio, date_of_birth, created_at,updated_at) values ('7f571c98-24d7-4277-8f3c-2f6398103543', 'Samantha Jefferies', 'fermentum donec ut', '12-Sep-2021','2022-01-25','2022-03-11');
insert into directors (id, full_name, bio, date_of_birth, created_at,updated_at) values ('74f8f97b-8ac3-40e1-92d5-fb9b7e4e211a', 'Bart Mate', 'lorem ipsum dolor', '28-Jan-2022','2022-01-03','2022-04-01');

-- distributor

insert into distributors (id, name, description, created_at, updated_at) values ('df47d213-fe00-4f92-ae6e-967a7e93011a', 'Babbleset', 'Optional','2022-01-13','2022-02-16');
insert into distributors (id, name, description, created_at, updated_at) values ('fa66e3a4-7348-41b5-9ffb-457cbe2a181d', 'Fivebridge', 'internet solution','2022-01-19','2022-03-13');
insert into distributors (id, name, description, created_at, updated_at) values ('402ff0cc-8605-4523-9381-8da473105d21', 'Livefish', '5th generation','2022-01-04','2022-02-27');
insert into distributors (id, name, description, created_at, updated_at) values ('dace9fe3-cc65-4448-9ea7-bfceeee7bd85', 'Eare', 'migration','2022-01-31','2022-02-17');
insert into distributors (id, name, description, created_at, updated_at) values ('11472fcf-3111-4c45-a909-7c037ee04a88', 'Fadeo', 'Optional','2022-02-07','2022-02-23');
insert into distributors (id, name, description, created_at, updated_at) values ('d33a8f77-50a5-40d5-a4ac-1a4a2bfeec04', 'Avamba', 'encoding','2022-01-05','2022-03-10');
insert into distributors (id, name, description, created_at, updated_at) values ('3934e4db-4770-414b-971e-80504da5ac69', 'Bubblemix', 'well-modulated','2022-01-01','2022-03-04');
insert into distributors (id, name, description, created_at, updated_at) values ('1cea5178-a5c3-49c9-ba9f-892171317f5f', 'Twimm', 'flexibility','2022-02-04','2022-03-27');
insert into distributors (id, name, description, created_at, updated_at) values ('1213e42d-5818-4406-9195-78f0d1e1253e', 'Kazu', 'collaboration','2022-01-20','2022-03-19');
insert into distributors (id, name, description, created_at, updated_at) values ('2d7a686b-ca43-4412-9cc2-7a4036273b8e', 'Blognation', 'incremental','2022-01-13','2022-02-22');

-- movies

insert into movies (id, created_at, updated_at, budget, description, distributor_share_in_percentage, price, release_date, time, title, distributed_by,status) values ('caf4499a-e77f-4ee7-80d9-134f6e82ce23', '31-May-2021', '05-Nov-2021', 90126542, 'attitude-oriented', 56, 51, '19-Jan-2022', '21:18', 'Assassin Next Door, The (Kirot)','df47d213-fe00-4f92-ae6e-967a7e93011a','ACTIVE');
insert into movies (id, created_at, updated_at, budget, description, distributor_share_in_percentage, price, release_date, time, title, distributed_by,status) values ('422ed66d-1174-4c9d-818b-e38e69105dbb', '17-Jul-2021', '12-Jun-2021', 30046709, 'interactive', 33, 20, '19-Jan-2022', '12:15', 'Plot of Fear','fa66e3a4-7348-41b5-9ffb-457cbe2a181d','ACTIVE');
insert into movies (id, created_at, updated_at, budget, description, distributor_share_in_percentage, price, release_date, time, title, distributed_by,status) values ('2cbbeb96-81ad-4a30-a56f-60d446fb5f5e', '17-Sep-2021', '02-Aug-2021', 90442464, '24 hour', 48, 43, '19-Jan-2022', '1:51', 'Television Under the Swastika (Das Fernsehen unter dem Hakenkreuz)','402ff0cc-8605-4523-9381-8da473105d21','ACTIVE');
insert into movies (id, created_at, updated_at, budget, description, distributor_share_in_percentage, price, release_date, time, title, distributed_by,status) values ('0bded8d9-08cd-4c2c-9c3b-2ac359fbec4f', '13-Jul-2021', '20-Jul-2021',91054200, '3rd generation', 30, 66, '19-Jan-2022', '20:51', 'Cameraman: The Life and Work of Jack Cardiff','dace9fe3-cc65-4448-9ea7-bfceeee7bd85','ACTIVE');
insert into movies (id, created_at, updated_at, budget, description, distributor_share_in_percentage, price, release_date, time, title, distributed_by,status) values ('88e1e75d-1988-482b-95d4-27e3c8cbcf44', '08-Jul-2021', '08-Jul-2021', 72847006, 'object-oriented', 58, 58, '19-Jan-2022', '2:58', 'Downloading Nancy','11472fcf-3111-4c45-a909-7c037ee04a88','ACTIVE');
insert into movies (id, created_at, updated_at, budget, description, distributor_share_in_percentage, price, release_date, time, title, distributed_by,status) values ('ec5b8946-326b-474d-9ad9-c77f6514ee25', '19-Sep-2021', '19-Feb-2022', 4259958, 'User-friendly', 30, 34, '19-Jan-2022', '19:17', 'Cinderella Liberty','d33a8f77-50a5-40d5-a4ac-1a4a2bfeec04','ACTIVE');
insert into movies (id, created_at, updated_at, budget, description, distributor_share_in_percentage, price, release_date, time, title, distributed_by,status) values ('a0c70ce1-abc1-4de7-990f-20dfb221d618', '09-Feb-2022', '14-Nov-2021', 77081986, 'Switchable', 59, 28, '19-Jan-2022', '20:00', 'Half a Loaf of Kung Fu (Dian zhi gong fu gan chian chan)','3934e4db-4770-414b-971e-80504da5ac69','ACTIVE');
insert into movies (id, created_at, updated_at, budget, description, distributor_share_in_percentage, price, release_date, time, title, distributed_by,status) values ('4ea9df80-aa14-42d7-96e8-313a85ac368d', '06-Jul-2021', '02-Nov-2021',91761861, 'tangible', 21, 29, '19-Jan-2022', '16:48', 'F-X2 (a.k.a. F-X 2 - The Deadly Art of Illusion)','1cea5178-a5c3-49c9-ba9f-892171317f5f','ACTIVE');
insert into movies (id, created_at, updated_at, budget, description, distributor_share_in_percentage, price, release_date, time, title, distributed_by,status) values ('b7baf1bf-7239-4271-b433-0348fc14c61e', '06-Jul-2021', '22-Sep-2021', 78892232, 'Progressive', 50, 47, '19-Jan-2022', '18:42', 'Light Sleeper','1213e42d-5818-4406-9195-78f0d1e1253e','ACTIVE');
insert into movies (id, created_at, updated_at, budget, description, distributor_share_in_percentage, price, release_date, time, title, distributed_by,status) values ('c277bdcf-ed57-499a-8fe3-ae1279111c03', '20-Jan-2022', '06-Jul-2021', 52545910, 'attitude', 26, 39, '19-Jan-2022', '13:48', 'When We Were Kings','2d7a686b-ca43-4412-9cc2-7a4036273b8e','ACTIVE');


-- actors movies
insert into movies_actors(movie_id, actor_id) values ('caf4499a-e77f-4ee7-80d9-134f6e82ce23','24a780af-4344-4316-aac2-8f3518f99934');
insert into movies_actors(movie_id, actor_id) values ('422ed66d-1174-4c9d-818b-e38e69105dbb','26d8dd3f-dfa4-42cb-8a84-1662ab2176ec');
insert into movies_actors(movie_id, actor_id) values ('2cbbeb96-81ad-4a30-a56f-60d446fb5f5e','b9b96f93-a027-4d69-b67a-158cebd6c270');
insert into movies_actors(movie_id, actor_id) values ('0bded8d9-08cd-4c2c-9c3b-2ac359fbec4f','953a9390-dbe9-4a11-b1d5-96f4cf05c7c8');
insert into movies_actors(movie_id, actor_id) values ('88e1e75d-1988-482b-95d4-27e3c8cbcf44','aefdb395-3c30-4dfa-9407-1fba84b91f97');
insert into movies_actors(movie_id, actor_id) values ('ec5b8946-326b-474d-9ad9-c77f6514ee25','088e51a4-de30-49db-a510-df991a61a787');
insert into movies_actors(movie_id, actor_id) values ('a0c70ce1-abc1-4de7-990f-20dfb221d618','f292081d-b35a-4458-8156-98cae41b37f9');
insert into movies_actors(movie_id, actor_id) values ('4ea9df80-aa14-42d7-96e8-313a85ac368d','afc1ce3a-8e4c-41b5-96b1-16a4eb3ddc35');
insert into movies_actors(movie_id, actor_id) values ('b7baf1bf-7239-4271-b433-0348fc14c61e','f9c8d072-8381-4e42-a7cd-fa6c4985955b');
insert into movies_actors(movie_id, actor_id) values ('c277bdcf-ed57-499a-8fe3-ae1279111c03','4abdeb8e-4b20-43b3-a964-58a7dca086f4');

insert into movies_actors(movie_id, actor_id) values ('caf4499a-e77f-4ee7-80d9-134f6e82ce23','088e51a4-de30-49db-a510-df991a61a787');
insert into movies_actors(movie_id, actor_id) values ('422ed66d-1174-4c9d-818b-e38e69105dbb','f292081d-b35a-4458-8156-98cae41b37f9');
insert into movies_actors(movie_id, actor_id) values ('2cbbeb96-81ad-4a30-a56f-60d446fb5f5e','afc1ce3a-8e4c-41b5-96b1-16a4eb3ddc35');
insert into movies_actors(movie_id, actor_id) values ('0bded8d9-08cd-4c2c-9c3b-2ac359fbec4f','f9c8d072-8381-4e42-a7cd-fa6c4985955b');
insert into movies_actors(movie_id, actor_id) values ('88e1e75d-1988-482b-95d4-27e3c8cbcf44','4abdeb8e-4b20-43b3-a964-58a7dca086f4');
insert into movies_actors(movie_id, actor_id) values ('ec5b8946-326b-474d-9ad9-c77f6514ee25','24a780af-4344-4316-aac2-8f3518f99934');
insert into movies_actors(movie_id, actor_id) values ('a0c70ce1-abc1-4de7-990f-20dfb221d618','26d8dd3f-dfa4-42cb-8a84-1662ab2176ec');
insert into movies_actors(movie_id, actor_id) values ('4ea9df80-aa14-42d7-96e8-313a85ac368d','b9b96f93-a027-4d69-b67a-158cebd6c270');
insert into movies_actors(movie_id, actor_id) values ('b7baf1bf-7239-4271-b433-0348fc14c61e','953a9390-dbe9-4a11-b1d5-96f4cf05c7c8');
insert into movies_actors(movie_id, actor_id) values ('c277bdcf-ed57-499a-8fe3-ae1279111c03','aefdb395-3c30-4dfa-9407-1fba84b91f97');


-- movie genre
insert into movies_genres(movie_id, genre_id) values ('caf4499a-e77f-4ee7-80d9-134f6e82ce23','f0df1456-e4fb-4b9d-9bf1-30bd292ae2b4');
insert into movies_genres(movie_id, genre_id) values ('422ed66d-1174-4c9d-818b-e38e69105dbb','a627ed7f-314f-440b-baba-fc9e9f2ff0c1');
insert into movies_genres(movie_id, genre_id) values ('2cbbeb96-81ad-4a30-a56f-60d446fb5f5e','6eadfa0c-c41f-4938-a5a9-43a823b0d831');
insert into movies_genres(movie_id, genre_id) values ('0bded8d9-08cd-4c2c-9c3b-2ac359fbec4f','ab83956a-ff58-4959-8f5a-e96ad1587090');
insert into movies_genres(movie_id, genre_id) values ('88e1e75d-1988-482b-95d4-27e3c8cbcf44','112cdcb9-c300-412f-b10b-ddf17209fcaa');
insert into movies_genres(movie_id, genre_id) values ('ec5b8946-326b-474d-9ad9-c77f6514ee25','24681d7d-47d8-44e5-8eef-9b6343a4aa7c');
insert into movies_genres(movie_id, genre_id) values ('a0c70ce1-abc1-4de7-990f-20dfb221d618','0bdc6d59-9161-4308-8584-d9d086ff53c6');
insert into movies_genres(movie_id, genre_id) values ('4ea9df80-aa14-42d7-96e8-313a85ac368d','f0ae17e3-5891-4071-a50e-329e5992fac7');
insert into movies_genres(movie_id, genre_id) values ('b7baf1bf-7239-4271-b433-0348fc14c61e','745c85b6-c446-419b-89f7-0aeb3ed9fcd4');
insert into movies_genres(movie_id, genre_id) values ('c277bdcf-ed57-499a-8fe3-ae1279111c03','e9ddfba3-0bb1-465c-86d5-f512857805be');

insert into movies_genres(movie_id, genre_id) values ('caf4499a-e77f-4ee7-80d9-134f6e82ce23','24681d7d-47d8-44e5-8eef-9b6343a4aa7c');
insert into movies_genres(movie_id, genre_id) values ('422ed66d-1174-4c9d-818b-e38e69105dbb','0bdc6d59-9161-4308-8584-d9d086ff53c6');
insert into movies_genres(movie_id, genre_id) values ('2cbbeb96-81ad-4a30-a56f-60d446fb5f5e','f0ae17e3-5891-4071-a50e-329e5992fac7');
insert into movies_genres(movie_id, genre_id) values ('0bded8d9-08cd-4c2c-9c3b-2ac359fbec4f','745c85b6-c446-419b-89f7-0aeb3ed9fcd4');
insert into movies_genres(movie_id, genre_id) values ('88e1e75d-1988-482b-95d4-27e3c8cbcf44','e9ddfba3-0bb1-465c-86d5-f512857805be');
insert into movies_genres(movie_id, genre_id) values ('ec5b8946-326b-474d-9ad9-c77f6514ee25','f0df1456-e4fb-4b9d-9bf1-30bd292ae2b4');
insert into movies_genres(movie_id, genre_id) values ('a0c70ce1-abc1-4de7-990f-20dfb221d618','a627ed7f-314f-440b-baba-fc9e9f2ff0c1');
insert into movies_genres(movie_id, genre_id) values ('4ea9df80-aa14-42d7-96e8-313a85ac368d','6eadfa0c-c41f-4938-a5a9-43a823b0d831');
insert into movies_genres(movie_id, genre_id) values ('b7baf1bf-7239-4271-b433-0348fc14c61e','ab83956a-ff58-4959-8f5a-e96ad1587090');
insert into movies_genres(movie_id, genre_id) values ('c277bdcf-ed57-499a-8fe3-ae1279111c03','112cdcb9-c300-412f-b10b-ddf17209fcaa');



-- movie countries

insert into movies_countries(movie_id, country_id) values ('caf4499a-e77f-4ee7-80d9-134f6e82ce23','8aa6dd96-2a3e-489a-ba5f-97e5a34f5262');
insert into movies_countries(movie_id, country_id) values ('422ed66d-1174-4c9d-818b-e38e69105dbb','fc111168-2cb1-4a9f-8252-69e0803813f6');
insert into movies_countries(movie_id, country_id) values ('2cbbeb96-81ad-4a30-a56f-60d446fb5f5e','aa1dc648-a053-4b2f-9254-d5ff2d68db02');
insert into movies_countries(movie_id, country_id) values ('0bded8d9-08cd-4c2c-9c3b-2ac359fbec4f','5ec4c704-4515-434e-9fb5-7007120766f8');
insert into movies_countries(movie_id, country_id) values ('88e1e75d-1988-482b-95d4-27e3c8cbcf44','d0f514c5-8cab-4ca6-91d2-93a3a15db986');
insert into movies_countries(movie_id, country_id) values ('ec5b8946-326b-474d-9ad9-c77f6514ee25','bc445a6d-66c4-4eb6-a511-00b478e81271');
insert into movies_countries(movie_id, country_id) values ('a0c70ce1-abc1-4de7-990f-20dfb221d618','297d2136-a799-4c24-b570-772be88ddca9');
insert into movies_countries(movie_id, country_id) values ('4ea9df80-aa14-42d7-96e8-313a85ac368d','65fc9632-b0d5-46ce-961f-fc2485fc83bd');
insert into movies_countries(movie_id, country_id) values ('b7baf1bf-7239-4271-b433-0348fc14c61e','ce6748c1-773c-4ca3-a6f0-22b9c899ad87');
insert into movies_countries(movie_id, country_id) values ('c277bdcf-ed57-499a-8fe3-ae1279111c03','0a1bf431-8536-4c05-b5c6-731d4f80b88c');

insert into movies_countries(movie_id, country_id) values ('caf4499a-e77f-4ee7-80d9-134f6e82ce23','bc445a6d-66c4-4eb6-a511-00b478e81271');
insert into movies_countries(movie_id, country_id) values ('422ed66d-1174-4c9d-818b-e38e69105dbb','297d2136-a799-4c24-b570-772be88ddca9');
insert into movies_countries(movie_id, country_id) values ('2cbbeb96-81ad-4a30-a56f-60d446fb5f5e','65fc9632-b0d5-46ce-961f-fc2485fc83bd');
insert into movies_countries(movie_id, country_id) values ('0bded8d9-08cd-4c2c-9c3b-2ac359fbec4f','ce6748c1-773c-4ca3-a6f0-22b9c899ad87');
insert into movies_countries(movie_id, country_id) values ('88e1e75d-1988-482b-95d4-27e3c8cbcf44','0a1bf431-8536-4c05-b5c6-731d4f80b88c');
insert into movies_countries(movie_id, country_id) values ('ec5b8946-326b-474d-9ad9-c77f6514ee25','8aa6dd96-2a3e-489a-ba5f-97e5a34f5262');
insert into movies_countries(movie_id, country_id) values ('a0c70ce1-abc1-4de7-990f-20dfb221d618','fc111168-2cb1-4a9f-8252-69e0803813f6');
insert into movies_countries(movie_id, country_id) values ('4ea9df80-aa14-42d7-96e8-313a85ac368d','aa1dc648-a053-4b2f-9254-d5ff2d68db02');
insert into movies_countries(movie_id, country_id) values ('b7baf1bf-7239-4271-b433-0348fc14c61e','5ec4c704-4515-434e-9fb5-7007120766f8');
insert into movies_countries(movie_id, country_id) values ('c277bdcf-ed57-499a-8fe3-ae1279111c03','d0f514c5-8cab-4ca6-91d2-93a3a15db986');



-- movies directors

insert into movies_directors(movie_id, director_id) values ('caf4499a-e77f-4ee7-80d9-134f6e82ce23','bb3cc199-bc5e-4788-9748-87caf02a7e14');
insert into movies_directors(movie_id, director_id) values ('422ed66d-1174-4c9d-818b-e38e69105dbb','42e4509a-a0be-4561-b615-4255c09f3667');
insert into movies_directors(movie_id, director_id) values ('2cbbeb96-81ad-4a30-a56f-60d446fb5f5e','fbd517a3-974e-4a3e-8bff-bb4b15a2195d');
insert into movies_directors(movie_id, director_id) values ('0bded8d9-08cd-4c2c-9c3b-2ac359fbec4f','f5e38079-4830-4c1f-8a2b-ba125d4a5ad6');
insert into movies_directors(movie_id, director_id) values ('88e1e75d-1988-482b-95d4-27e3c8cbcf44','4bf43c0d-eb49-4922-8b81-30ea5c5eea8f');
insert into movies_directors(movie_id, director_id) values ('ec5b8946-326b-474d-9ad9-c77f6514ee25','f0517f1d-8e37-4120-8b8c-858cd1c1ce08');
insert into movies_directors(movie_id, director_id) values ('a0c70ce1-abc1-4de7-990f-20dfb221d618','01582fca-9990-4bbb-8fc0-a5dc6a9a43fb');
insert into movies_directors(movie_id, director_id) values ('4ea9df80-aa14-42d7-96e8-313a85ac368d','8bf2ed2f-fa53-46fb-8fe8-d512179d38cb');
insert into movies_directors(movie_id, director_id) values ('b7baf1bf-7239-4271-b433-0348fc14c61e','7f571c98-24d7-4277-8f3c-2f6398103543');
insert into movies_directors(movie_id, director_id) values ('c277bdcf-ed57-499a-8fe3-ae1279111c03','74f8f97b-8ac3-40e1-92d5-fb9b7e4e211a');

insert into movies_directors(movie_id, director_id) values ('caf4499a-e77f-4ee7-80d9-134f6e82ce23','f0517f1d-8e37-4120-8b8c-858cd1c1ce08');
insert into movies_directors(movie_id, director_id) values ('422ed66d-1174-4c9d-818b-e38e69105dbb','01582fca-9990-4bbb-8fc0-a5dc6a9a43fb');
insert into movies_directors(movie_id, director_id) values ('2cbbeb96-81ad-4a30-a56f-60d446fb5f5e','8bf2ed2f-fa53-46fb-8fe8-d512179d38cb');
insert into movies_directors(movie_id, director_id) values ('0bded8d9-08cd-4c2c-9c3b-2ac359fbec4f','7f571c98-24d7-4277-8f3c-2f6398103543');
insert into movies_directors(movie_id, director_id) values ('88e1e75d-1988-482b-95d4-27e3c8cbcf44','74f8f97b-8ac3-40e1-92d5-fb9b7e4e211a');
insert into movies_directors(movie_id, director_id) values ('ec5b8946-326b-474d-9ad9-c77f6514ee25','bb3cc199-bc5e-4788-9748-87caf02a7e14');
insert into movies_directors(movie_id, director_id) values ('a0c70ce1-abc1-4de7-990f-20dfb221d618','42e4509a-a0be-4561-b615-4255c09f3667');
insert into movies_directors(movie_id, director_id) values ('4ea9df80-aa14-42d7-96e8-313a85ac368d','fbd517a3-974e-4a3e-8bff-bb4b15a2195d');
insert into movies_directors(movie_id, director_id) values ('b7baf1bf-7239-4271-b433-0348fc14c61e','f5e38079-4830-4c1f-8a2b-ba125d4a5ad6');
insert into movies_directors(movie_id, director_id) values ('c277bdcf-ed57-499a-8fe3-ae1279111c03','4bf43c0d-eb49-4922-8b81-30ea5c5eea8f');



-- movie sessions
insert into movie_announcements(id,created_at,updated_at,is_active,movie_id) values ('9de8198a-fe35-4a09-9478-f54d3dae1317' ,'2022-01-02','2022-03-11',true,'caf4499a-e77f-4ee7-80d9-134f6e82ce23');
insert into movie_announcements(id,created_at,updated_at,is_active,movie_id) values ('74d45b58-1926-404a-91ae-80d4d4fd4847' ,'2022-01-18','2022-03-15',true,'422ed66d-1174-4c9d-818b-e38e69105dbb');
insert into movie_announcements(id,created_at,updated_at,is_active,movie_id) values ('a0db4dd7-b7aa-462a-a77d-8ad136daf1f1' ,'2022-01-06','2022-02-28',true,'2cbbeb96-81ad-4a30-a56f-60d446fb5f5e');
insert into movie_announcements(id,created_at,updated_at,is_active,movie_id) values ('b755bfd9-a808-439d-815e-f87454a4b23e' ,'2022-01-19','2022-03-07',true,'0bded8d9-08cd-4c2c-9c3b-2ac359fbec4f');
insert into movie_announcements(id,created_at,updated_at,is_active,movie_id) values ('a4ec2070-efc0-4b93-b30e-2317cf61605f' ,'2022-01-07','2022-03-13',true,'88e1e75d-1988-482b-95d4-27e3c8cbcf44');
insert into movie_announcements(id,created_at,updated_at,is_active,movie_id) values ('9f9a817f-63f6-469b-8ae6-84407e50561c' ,'2022-01-21','2022-02-21',true,'ec5b8946-326b-474d-9ad9-c77f6514ee25');
insert into movie_announcements(id,created_at,updated_at,is_active,movie_id) values ('8c23711c-1784-401f-9c43-1d0300c5b84e' ,'2022-01-25','2022-03-30',true,'a0c70ce1-abc1-4de7-990f-20dfb221d618');
insert into movie_announcements(id,created_at,updated_at,is_active,movie_id) values ('85b864a8-1a1e-448f-9ccd-2a96df4d5e0a' ,'2022-01-21','2022-02-20',true,'4ea9df80-aa14-42d7-96e8-313a85ac368d');
insert into movie_announcements(id,created_at,updated_at,is_active,movie_id) values ('1dbea48c-bdcb-4d99-ba65-a614f090158d' ,'2022-02-07','2022-03-03',true,'b7baf1bf-7239-4271-b433-0348fc14c61e');
insert into movie_announcements(id,created_at,updated_at,is_active,movie_id) values ('29dda964-84c2-4691-9667-2c513e0aed98' ,'2022-01-19','2022-03-20',true,'c277bdcf-ed57-499a-8fe3-ae1279111c03');



--------------------------------------------------------------------------------------------------------------------------
--session dates
insert into session_dates (id, date) values ('867a0658-1aeb-4082-97ea-d7e5da457f2d', '18-May-2021');
insert into session_dates (id, date) values ('075496c9-635b-4934-9909-d07e4fc87430', '12-May-2021');
insert into session_dates (id, date) values ('26c6e129-093d-4361-8cf0-3ea598f192a9', '26-May-2021');
insert into session_dates (id, date) values ('82942086-6840-4a52-8c49-e0ba46ee8d00', '02-May-2021');
insert into session_dates (id, date) values ('163f9dbb-ea61-4636-8f33-dd43a5068aa7', '15-May-2021');
insert into session_dates (id, date) values ('c7751f7f-f3cf-4ee5-a660-8306ebd0456a', '24-May-2021');
insert into session_dates (id, date) values ('3d0d0678-8a19-424b-a9c8-ec230e55f8b2', '20-May-2022');
insert into session_dates (id, date) values ('2e273ce9-38e7-4aff-aa41-aab1d51f8ab8', '27-May-2021');
insert into session_dates (id, date) values ('c594e74d-3b3f-4866-8e7f-28b592d20ee5', '19-May-2021');
insert into session_dates (id, date) values ('bf7dcd83-3b1d-4d83-b2fd-d90c92955451', '09-May-2021');


----session times
insert into session_times (id, start_time, session_additional_fee_in_percentage) values ('843c6bb5-5f0b-480e-8cd1-c6c7e7f73c98', '13:47', 2.6);
insert into session_times (id, start_time, session_additional_fee_in_percentage) values ('2a070762-551e-41b3-a6df-5332991ad4ce', '14:37', 2.2);
insert into session_times (id, start_time, session_additional_fee_in_percentage) values ('1f38510d-5b0a-4f18-8819-c4a46900273c', '13:42', 9.2);
insert into session_times (id, start_time, session_additional_fee_in_percentage) values ('df68aa09-b468-4d38-a3a5-3a716491249b', '4:34', 7.8);
insert into session_times (id, start_time, session_additional_fee_in_percentage) values ('54893995-0a42-47c1-a7c8-7d93aba2d7d4', '23:25', 2.0);
insert into session_times (id, start_time, session_additional_fee_in_percentage) values ('d8ed7da2-cb1c-4418-9827-569b4cf4b433', '21:46', 4.5);
insert into session_times (id, start_time, session_additional_fee_in_percentage) values ('d31eb63e-44f1-4b44-a4b5-36f37b205d80', '14:37', 7.6);
insert into session_times (id, start_time, session_additional_fee_in_percentage) values ('45d62afc-820d-48a1-8003-66c217764dee', '22:00', 3.9);
insert into session_times (id, start_time, session_additional_fee_in_percentage) values ('ef17ce29-ea89-44f2-9387-3bd6478e56fc', '13:44', 4.2);
insert into session_times (id, start_time, session_additional_fee_in_percentage) values ('573533cd-91fa-4b18-b57f-ee7e0b41d78c', '11:49', 4.0);


---reserved halls

insert into movie_sessions(id, end_time, start_time_id, date_id, hall_id, movie_announcement_id,created_at,updated_at) VALUES ('06a222f4-03b5-4af0-a144-d88b0ba7420c', '15:47','843c6bb5-5f0b-480e-8cd1-c6c7e7f73c98','867a0658-1aeb-4082-97ea-d7e5da457f2d','c45ab69a-057f-43ae-95b4-e8e7300c4e84','9de8198a-fe35-4a09-9478-f54d3dae1317','2022-02-05','2022-03-10');
insert into movie_sessions(id, end_time, start_time_id, date_id, hall_id, movie_announcement_id,created_at,updated_at) VALUES ('31084307-31e4-4366-967b-4f070574d75e', '16:37','2a070762-551e-41b3-a6df-5332991ad4ce','075496c9-635b-4934-9909-d07e4fc87430','0a7c8fe5-1291-4043-855b-c937b9371889','74d45b58-1926-404a-91ae-80d4d4fd4847','2022-01-21','2022-02-17');
insert into movie_sessions(id, end_time, start_time_id, date_id, hall_id, movie_announcement_id,created_at,updated_at) VALUES ('d59d461f-125e-4b60-ae03-2e6582920285', '15:42','1f38510d-5b0a-4f18-8819-c4a46900273c','26c6e129-093d-4361-8cf0-3ea598f192a9','f1a897aa-7ce0-4695-a3d6-977eaed981f0','a0db4dd7-b7aa-462a-a77d-8ad136daf1f1','2022-01-13','2022-03-05');
insert into movie_sessions(id, end_time, start_time_id, date_id, hall_id, movie_announcement_id,created_at,updated_at) VALUES ('7d3d5760-5978-4558-8d8e-784ed4dd9133', '6:34', 'df68aa09-b468-4d38-a3a5-3a716491249b','82942086-6840-4a52-8c49-e0ba46ee8d00','66f4acdb-3e8c-4a83-8000-80dc1bb644db','9de8198a-fe35-4a09-9478-f54d3dae1317','2022-01-04','2022-03-02');
insert into movie_sessions(id, end_time, start_time_id, date_id, hall_id, movie_announcement_id,created_at,updated_at) VALUES ('11d1d36c-479b-4dec-b7d2-d2b9a25d721e', '1:25', '54893995-0a42-47c1-a7c8-7d93aba2d7d4','163f9dbb-ea61-4636-8f33-dd43a5068aa7','6d47e929-fcca-4607-9601-9d5d2ff98a83','74d45b58-1926-404a-91ae-80d4d4fd4847','2022-02-07','2022-03-31');
insert into movie_sessions(id, end_time, start_time_id, date_id, hall_id, movie_announcement_id,created_at,updated_at) VALUES ('f4bdc633-1d75-4a97-b5c1-fd7b91fe636d', '23:40','d8ed7da2-cb1c-4418-9827-569b4cf4b433','c7751f7f-f3cf-4ee5-a660-8306ebd0456a','92a73cbb-7b5f-43a7-b45b-41ceb2aaad1e','a0db4dd7-b7aa-462a-a77d-8ad136daf1f1','2022-02-06','2022-02-16');
insert into movie_sessions(id, end_time, start_time_id, date_id, hall_id, movie_announcement_id,created_at,updated_at) VALUES ('0c39d343-6261-44fb-a770-41e3edfbd99a', '16:00','d31eb63e-44f1-4b44-a4b5-36f37b205d80','3d0d0678-8a19-424b-a9c8-ec230e55f8b2','3bee766e-8351-4ac5-b9f7-1de3218eb9cb','1dbea48c-bdcb-4d99-ba65-a614f090158d','2022-01-25','2022-03-11');
insert into movie_sessions(id, end_time, start_time_id, date_id, hall_id, movie_announcement_id,created_at,updated_at) VALUES ('dd80bf43-91c8-4bda-8d4c-63632a4e7537', '23:35','45d62afc-820d-48a1-8003-66c217764dee','2e273ce9-38e7-4aff-aa41-aab1d51f8ab8','9d121e1b-49dc-43cd-ba20-fe89ac8df986','29dda964-84c2-4691-9667-2c513e0aed98','2022-01-03','2022-04-01');
insert into movie_sessions(id, end_time, start_time_id, date_id, hall_id, movie_announcement_id,created_at,updated_at) VALUES ('64fe7666-ab95-416a-93da-f2932497aec5', '16:20','ef17ce29-ea89-44f2-9387-3bd6478e56fc','c594e74d-3b3f-4866-8e7f-28b592d20ee5','5eb1efcc-89f1-4286-a834-f1500416347a','1dbea48c-bdcb-4d99-ba65-a614f090158d','2022-01-13','2022-02-16');
insert into movie_sessions(id, end_time, start_time_id, date_id, hall_id, movie_announcement_id,created_at,updated_at) VALUES ('b8c928b3-d6cc-4ffa-a659-c89510289998', '13:40','573533cd-91fa-4b18-b57f-ee7e0b41d78c','bf7dcd83-3b1d-4d83-b2fd-d90c92955451','13e241ce-c967-44c2-8804-db44a64516fe','29dda964-84c2-4691-9667-2c513e0aed98','2022-01-19','2022-03-13');



--------------   rows added

insert into hall_rows (id, created_at, updated_at, number,hall_id) values ('704317d1-4a30-42e1-a2b4-6cb59d79f30a', '16-Feb-2022', '30-Sep-2021', 1,'c45ab69a-057f-43ae-95b4-e8e7300c4e84');
insert into hall_rows (id, created_at, updated_at, number,hall_id) values ('b54e99e7-a731-4f9f-b15c-e536dc100e43', '07-Nov-2021', '05-Aug-2021', 1,'0a7c8fe5-1291-4043-855b-c937b9371889');
insert into hall_rows (id, created_at, updated_at, number,hall_id) values ('19ddd875-bded-4c05-8b97-b6deec8be3c9', '08-Oct-2021', '20-Dec-2021', 1,'f1a897aa-7ce0-4695-a3d6-977eaed981f0');
insert into hall_rows (id, created_at, updated_at, number,hall_id) values ('b2224c18-48f3-49ab-b2e0-e27ccc6d72c7', '16-Apr-2021', '08-Aug-2021', 1,'66f4acdb-3e8c-4a83-8000-80dc1bb644db');
insert into hall_rows (id, created_at, updated_at, number,hall_id) values ('3c90c5d4-1665-4391-96fe-717f61dc893b', '07-Feb-2022', '18-Sep-2021', 1,'6d47e929-fcca-4607-9601-9d5d2ff98a83');
insert into hall_rows (id, created_at, updated_at, number,hall_id) values ('dde3e841-21de-4314-8760-6e7a506ef1b1', '08-Oct-2021', '22-Jan-2022', 1,'92a73cbb-7b5f-43a7-b45b-41ceb2aaad1e');
insert into hall_rows (id, created_at, updated_at, number,hall_id) values ('4051453e-56d6-48a7-ae01-d2aa68ed2ee9', '28-Jul-2021', '30-Aug-2021', 1,'3bee766e-8351-4ac5-b9f7-1de3218eb9cb');
insert into hall_rows (id, created_at, updated_at, number,hall_id) values ('5b883129-5aac-4268-895a-5c76d38ab2e9', '05-May-2021', '05-Jul-2021', 1,'9d121e1b-49dc-43cd-ba20-fe89ac8df986');
insert into hall_rows (id, created_at, updated_at, number,hall_id) values ('3650b6f6-07e6-4e0f-8b4c-8605e1ef4f78', '06-Dec-2021', '01-Aug-2021', 1,'5eb1efcc-89f1-4286-a834-f1500416347a');
insert into hall_rows (id, created_at, updated_at, number,hall_id) values ('f6a55c7d-a413-415d-8dcc-c8f87447ea5a', '30-Sep-2021', '08-Jul-2021', 1,'13e241ce-c967-44c2-8804-db44a64516fe');
insert into hall_rows (id, created_at, updated_at, number,hall_id) values ('03508218-4d58-4d05-9029-0e15a5c3bf64', '11-Feb-2022', '20-Jan-2022', 2,'c45ab69a-057f-43ae-95b4-e8e7300c4e84');
insert into hall_rows (id, created_at, updated_at, number,hall_id) values ('bd1311a2-5dfe-4743-a7e6-c52685037389', '21-Apr-2021', '19-Sep-2021', 2,'0a7c8fe5-1291-4043-855b-c937b9371889');
insert into hall_rows (id, created_at, updated_at, number,hall_id) values ('1ce70efc-ed2a-49ad-9328-4f24af22f638', '14-Sep-2021', '01-Jan-2022', 2,'f1a897aa-7ce0-4695-a3d6-977eaed981f0');
insert into hall_rows (id, created_at, updated_at, number,hall_id) values ('d99b13f1-003f-4dfe-8e46-f92869bb22b8', '01-Sep-2021', '23-May-2021', 2,'66f4acdb-3e8c-4a83-8000-80dc1bb644db');
insert into hall_rows (id, created_at, updated_at, number,hall_id) values ('d391a71c-2540-4fae-b5a3-e4b11f476bd8', '24-Aug-2021', '31-May-2021', 2,'6d47e929-fcca-4607-9601-9d5d2ff98a83');
insert into hall_rows (id, created_at, updated_at, number,hall_id) values ('f4060758-0ced-4270-973b-e385a9302877', '06-Jun-2021', '09-Jan-2022', 2,'92a73cbb-7b5f-43a7-b45b-41ceb2aaad1e');
insert into hall_rows (id, created_at, updated_at, number,hall_id) values ('e42bb871-de9b-4be7-8a2d-c437fb58e451', '27-Jul-2021', '28-Apr-2021', 2,'3bee766e-8351-4ac5-b9f7-1de3218eb9cb');
insert into hall_rows (id, created_at, updated_at, number,hall_id) values ('6b94dfb1-702a-48b4-b146-12d43c97d4d9', '02-Oct-2021', '01-Jan-2022', 2,'9d121e1b-49dc-43cd-ba20-fe89ac8df986');
insert into hall_rows (id, created_at, updated_at, number,hall_id) values ('4b155cd6-e43b-48c5-8459-5d93a01a035c', '23-May-2021', '19-Jan-2022', 2,'5eb1efcc-89f1-4286-a834-f1500416347a');
insert into hall_rows (id, created_at, updated_at, number,hall_id) values ('f66f4be9-5f62-4149-b5b7-8674426456a0', '14-Sep-2021', '21-Sep-2021', 2,'13e241ce-c967-44c2-8804-db44a64516fe');
insert into hall_rows (id, created_at, updated_at, number,hall_id) values ('f930780e-33e1-4f1d-b6b2-fcafcafb5604', '09-Feb-2022', '23-Dec-2021', 3,'c45ab69a-057f-43ae-95b4-e8e7300c4e84');
insert into hall_rows (id, created_at, updated_at, number,hall_id) values ('1e19fb60-7d6d-4d28-a5a7-72ce548829d3', '17-Nov-2021', '09-Feb-2022', 3,'0a7c8fe5-1291-4043-855b-c937b9371889');
insert into hall_rows (id, created_at, updated_at, number,hall_id) values ('8bce6b96-2781-4ebc-9533-81134b3a3be7', '31-May-2021', '22-Aug-2021', 3,'f1a897aa-7ce0-4695-a3d6-977eaed981f0');
insert into hall_rows (id, created_at, updated_at, number,hall_id) values ('06d0e1af-8851-4842-9ac4-b5621c29b9ce', '21-Dec-2021', '21-May-2021', 3,'66f4acdb-3e8c-4a83-8000-80dc1bb644db');
insert into hall_rows (id, created_at, updated_at, number,hall_id) values ('4dea26a2-77f1-447b-b403-9a0cfedd1427', '04-Feb-2022', '22-Aug-2021', 3,'6d47e929-fcca-4607-9601-9d5d2ff98a83');
insert into hall_rows (id, created_at, updated_at, number,hall_id) values ('3bda20c1-4184-4537-b3c3-40dc2d886369', '22-Sep-2021', '05-Aug-2021', 3,'92a73cbb-7b5f-43a7-b45b-41ceb2aaad1e');
insert into hall_rows (id, created_at, updated_at, number,hall_id) values ('85452d3c-2867-4293-8483-563a28237c2e', '06-Feb-2022', '25-Dec-2021', 3,'3bee766e-8351-4ac5-b9f7-1de3218eb9cb');
insert into hall_rows (id, created_at, updated_at, number,hall_id) values ('db7ece5a-4906-487d-aa10-4ffc696da900', '26-Mar-2021', '18-Nov-2021', 3,'9d121e1b-49dc-43cd-ba20-fe89ac8df986');
insert into hall_rows (id, created_at, updated_at, number,hall_id) values ('4e3e0f62-42d1-44c4-a9d2-c25b4e1d04cc', '24-Mar-2021', '22-Aug-2021', 3,'5eb1efcc-89f1-4286-a834-f1500416347a');
insert into hall_rows (id, created_at, updated_at, number,hall_id) values ('57df8bb6-0cb3-4ae9-94f9-216450538840', '19-Oct-2021', '15-Jan-2022', 3,'13e241ce-c967-44c2-8804-db44a64516fe');
insert into hall_rows (id, created_at, updated_at, number,hall_id) values ('acfaf526-add4-4da0-a9ad-4484287c1db0', '09-May-2021', '18-Jan-2022', 4,'c45ab69a-057f-43ae-95b4-e8e7300c4e84');
insert into hall_rows (id, created_at, updated_at, number,hall_id) values ('1516f106-986b-460d-92d8-d1f17c9523b9', '13-Apr-2021', '13-May-2021', 4,'0a7c8fe5-1291-4043-855b-c937b9371889');
insert into hall_rows (id, created_at, updated_at, number,hall_id) values ('2f933c28-3ce3-42df-a7e2-9d5f330b6755', '23-Oct-2021', '27-Mar-2021', 4,'f1a897aa-7ce0-4695-a3d6-977eaed981f0');
insert into hall_rows (id, created_at, updated_at, number,hall_id) values ('9d4c761f-6fe7-4724-af33-8fb63eb6162f', '26-Mar-2021', '27-Mar-2021', 4,'66f4acdb-3e8c-4a83-8000-80dc1bb644db');
insert into hall_rows (id, created_at, updated_at, number,hall_id) values ('7e4e2acc-ca0f-4eae-a420-839047d06efe', '15-Oct-2021', '21-Nov-2021', 4,'6d47e929-fcca-4607-9601-9d5d2ff98a83');
insert into hall_rows (id, created_at, updated_at, number,hall_id) values ('58fbb227-f958-4cf9-b833-050f8103edc5', '24-Mar-2021', '19-Aug-2021', 4,'92a73cbb-7b5f-43a7-b45b-41ceb2aaad1e');
insert into hall_rows (id, created_at, updated_at, number,hall_id) values ('ec3c51a1-5dcf-46bb-94d8-6c1c2f971e65', '14-Sep-2021', '26-Jun-2021', 4,'3bee766e-8351-4ac5-b9f7-1de3218eb9cb');
insert into hall_rows (id, created_at, updated_at, number,hall_id) values ('d3f4127e-e209-47b0-a946-e68d3ea2d943', '08-Mar-2022', '13-Nov-2021', 4,'9d121e1b-49dc-43cd-ba20-fe89ac8df986');
insert into hall_rows (id, created_at, updated_at, number,hall_id) values ('7016807e-7a56-4c93-811a-363d05b2ed77', '23-Feb-2022', '09-Oct-2021', 4,'5eb1efcc-89f1-4286-a834-f1500416347a');
insert into hall_rows (id, created_at, updated_at, number,hall_id) values ('f10cdc08-1c08-439a-98a4-8f98623b2641', '26-Jul-2021', '05-Oct-2021', 4,'13e241ce-c967-44c2-8804-db44a64516fe');


------------------------------------------- price category--------------------------------------
insert into price_categories (id, created_at, updated_at, additional_fee_in_percentage, name) values ('ce5c731e-c473-444f-8973-487ef5ff143e', '02-Mar-2022', '29-Jan-2022', 19, 'Mercury');
insert into price_categories (id, created_at, updated_at, additional_fee_in_percentage, name) values ('4d02bc47-ae5c-432d-a61d-e2ad6b9b535e', '05-Aug-2021', '22-Aug-2021', 19, 'BMW');
insert into price_categories (id, created_at, updated_at, additional_fee_in_percentage, name) values ('a5fd454a-a08d-4fe6-8d7b-248789551000', '07-Mar-2022', '23-Aug-2021', 17, 'Dodge');
insert into price_categories (id, created_at, updated_at, additional_fee_in_percentage, name) values ('525d0c3d-1a1a-4f37-8bbf-abc5e060647b', '01-Jan-2022', '29-Jul-2021', 2, 'Chrysler');



----- 1 insert into

insert into seats (id, created_at, updated_at, number,row_id,price_category_id) values ('a37aa56e-04d0-4aa4-8b7e-6cd44000d68b', '14-Sep-2021', '02-May-2021', 1,'704317d1-4a30-42e1-a2b4-6cb59d79f30a','ce5c731e-c473-444f-8973-487ef5ff143e');
insert into seats (id, created_at, updated_at, number,row_id,price_category_id) values ('26018a91-e705-4aaa-9bf1-7065967278ed', '01-Aug-2021', '06-Jul-2021', 2,'b54e99e7-a731-4f9f-b15c-e536dc100e43','4d02bc47-ae5c-432d-a61d-e2ad6b9b535e');
insert into seats (id, created_at, updated_at, number,row_id,price_category_id) values ('b7c9916c-6957-4151-86c6-b5c5a871c854', '11-Jan-2022', '01-Nov-2021', 3,'19ddd875-bded-4c05-8b97-b6deec8be3c9','a5fd454a-a08d-4fe6-8d7b-248789551000');
insert into seats (id, created_at, updated_at, number,row_id,price_category_id) values ('62acd1b5-7fa6-4c3b-8445-5960ed4916fb', '17-Dec-2021', '13-May-2021', 4,'b2224c18-48f3-49ab-b2e0-e27ccc6d72c7','525d0c3d-1a1a-4f37-8bbf-abc5e060647b');
insert into seats (id, created_at, updated_at, number,row_id,price_category_id) values ('23e0f5ea-b735-4b94-ae38-e56b31901fab', '13-Feb-2022', '09-Oct-2021', 5,'3c90c5d4-1665-4391-96fe-717f61dc893b','ce5c731e-c473-444f-8973-487ef5ff143e');
insert into seats (id, created_at, updated_at, number,row_id,price_category_id) values ('784eb953-5472-46ed-82c0-d50a54e156e9', '01-Jun-2021', '12-Nov-2021', 1,'dde3e841-21de-4314-8760-6e7a506ef1b1','4d02bc47-ae5c-432d-a61d-e2ad6b9b535e');
insert into seats (id, created_at, updated_at, number,row_id,price_category_id) values ('38439b6a-3dae-4717-b943-b05c4270c6d8', '27-May-2021', '08-May-2021', 2,'4051453e-56d6-48a7-ae01-d2aa68ed2ee9','a5fd454a-a08d-4fe6-8d7b-248789551000');
insert into seats (id, created_at, updated_at, number,row_id,price_category_id) values ('6c4854a3-06b5-428c-ac84-c20626c6b8c9', '19-Aug-2021', '02-Mar-2022', 3,'5b883129-5aac-4268-895a-5c76d38ab2e9','525d0c3d-1a1a-4f37-8bbf-abc5e060647b');
insert into seats (id, created_at, updated_at, number,row_id,price_category_id) values ('c1b74220-1a3c-4bf3-8fac-0871899a8a42', '16-Jul-2021', '01-Aug-2021', 4,'3650b6f6-07e6-4e0f-8b4c-8605e1ef4f78','ce5c731e-c473-444f-8973-487ef5ff143e');
insert into seats (id, created_at, updated_at, number,row_id,price_category_id) values ('a4f42b7c-7549-4291-a5a8-c30a1670ff01', '08-Dec-2021', '28-Dec-2021', 5,'f6a55c7d-a413-415d-8dcc-c8f87447ea5a','4d02bc47-ae5c-432d-a61d-e2ad6b9b535e');
insert into seats (id, created_at, updated_at, number,row_id,price_category_id) values ('b9094581-6bd1-48df-9560-123708408ae2', '26-Dec-2021', '12-Jun-2021', 1,'03508218-4d58-4d05-9029-0e15a5c3bf64','a5fd454a-a08d-4fe6-8d7b-248789551000');
insert into seats (id, created_at, updated_at, number,row_id,price_category_id) values ('330c19a7-faa0-45df-934d-fe1d4502192b', '19-Dec-2021', '28-Apr-2021', 2,'bd1311a2-5dfe-4743-a7e6-c52685037389','525d0c3d-1a1a-4f37-8bbf-abc5e060647b');
insert into seats (id, created_at, updated_at, number,row_id,price_category_id) values ('adb73d56-1a8c-4ed4-aebf-f271b8f739ef', '16-Sep-2021', '09-Sep-2021', 3,'1ce70efc-ed2a-49ad-9328-4f24af22f638','ce5c731e-c473-444f-8973-487ef5ff143e');
insert into seats (id, created_at, updated_at, number,row_id,price_category_id) values ('2f1799dc-088c-46a1-afef-acf3baab52bf', '02-Sep-2021', '24-May-2021', 4,'d99b13f1-003f-4dfe-8e46-f92869bb22b8','4d02bc47-ae5c-432d-a61d-e2ad6b9b535e');
insert into seats (id, created_at, updated_at, number,row_id,price_category_id) values ('aaf238c1-592e-4ebb-bc35-83c84d527cd2', '30-Jan-2022', '06-Jan-2022', 5,'d391a71c-2540-4fae-b5a3-e4b11f476bd8','a5fd454a-a08d-4fe6-8d7b-248789551000');
insert into seats (id, created_at, updated_at, number,row_id,price_category_id) values ('b1baeaba-2196-49d9-a54a-7fb128780c42', '17-Nov-2021', '10-Jan-2022', 1,'f4060758-0ced-4270-973b-e385a9302877','525d0c3d-1a1a-4f37-8bbf-abc5e060647b');
insert into seats (id, created_at, updated_at, number,row_id,price_category_id) values ('49060f67-6fcf-42c6-8eb0-08a53427fe81', '28-Jul-2021', '30-Dec-2021', 2,'e42bb871-de9b-4be7-8a2d-c437fb58e451','ce5c731e-c473-444f-8973-487ef5ff143e');
insert into seats (id, created_at, updated_at, number,row_id,price_category_id) values ('32b5fbc8-9fd9-403b-9f63-a353d316274f', '10-May-2021', '26-Jul-2021', 3,'6b94dfb1-702a-48b4-b146-12d43c97d4d9','4d02bc47-ae5c-432d-a61d-e2ad6b9b535e');
insert into seats (id, created_at, updated_at, number,row_id,price_category_id) values ('83ad53f8-e66a-4b55-8bcd-c9dac5d363d3', '25-Jun-2021', '10-Jan-2022', 4,'4b155cd6-e43b-48c5-8459-5d93a01a035c','a5fd454a-a08d-4fe6-8d7b-248789551000');
insert into seats (id, created_at, updated_at, number,row_id,price_category_id) values ('a33ef522-615b-46a0-9b58-83d1af3471b0', '29-May-2021', '02-Jul-2021', 5,'f66f4be9-5f62-4149-b5b7-8674426456a0','525d0c3d-1a1a-4f37-8bbf-abc5e060647b');
insert into seats (id, created_at, updated_at, number,row_id,price_category_id) values ('0e5a3e53-415b-4065-9b5f-ed596dd95780', '14-Oct-2021', '03-Feb-2022', 1,'f930780e-33e1-4f1d-b6b2-fcafcafb5604','ce5c731e-c473-444f-8973-487ef5ff143e');
insert into seats (id, created_at, updated_at, number,row_id,price_category_id) values ('69645f49-8821-408a-bacf-66b508cf522c', '02-Jun-2021', '12-Jul-2021', 2,'1e19fb60-7d6d-4d28-a5a7-72ce548829d3','4d02bc47-ae5c-432d-a61d-e2ad6b9b535e');
insert into seats (id, created_at, updated_at, number,row_id,price_category_id) values ('94c5f095-7c66-47f9-8178-158e840fcb5e', '20-Apr-2021', '11-Oct-2021', 3,'8bce6b96-2781-4ebc-9533-81134b3a3be7','a5fd454a-a08d-4fe6-8d7b-248789551000');
insert into seats (id, created_at, updated_at, number,row_id,price_category_id) values ('da9e0b47-76c9-4957-bd50-ec68a8f601bb', '13-Aug-2021', '29-May-2021', 4,'06d0e1af-8851-4842-9ac4-b5621c29b9ce','525d0c3d-1a1a-4f37-8bbf-abc5e060647b');
insert into seats (id, created_at, updated_at, number,row_id,price_category_id) values ('a61344d7-5670-44f0-bae1-b65495545cdd', '18-Sep-2021', '08-Oct-2021', 5,'4dea26a2-77f1-447b-b403-9a0cfedd1427','ce5c731e-c473-444f-8973-487ef5ff143e');
insert into seats (id, created_at, updated_at, number,row_id,price_category_id) values ('b411f75a-baf9-4391-b67c-89f5b0840db6', '24-May-2021', '21-Mar-2021', 1,'3bda20c1-4184-4537-b3c3-40dc2d886369','4d02bc47-ae5c-432d-a61d-e2ad6b9b535e');
insert into seats (id, created_at, updated_at, number,row_id,price_category_id) values ('b32853f9-1bb6-4f21-a110-c87eca510e2d', '16-Aug-2021', '06-Aug-2021', 2,'85452d3c-2867-4293-8483-563a28237c2e','a5fd454a-a08d-4fe6-8d7b-248789551000');
insert into seats (id, created_at, updated_at, number,row_id,price_category_id) values ('6deb2ca3-56de-4b89-84a1-46cd5ccc361d', '19-Mar-2021', '17-Jun-2021', 3,'db7ece5a-4906-487d-aa10-4ffc696da900','525d0c3d-1a1a-4f37-8bbf-abc5e060647b');
insert into seats (id, created_at, updated_at, number,row_id,price_category_id) values ('4d008165-ce4e-4e04-8013-56a7966c15c2', '23-Oct-2021', '14-Jul-2021', 4,'4e3e0f62-42d1-44c4-a9d2-c25b4e1d04cc','ce5c731e-c473-444f-8973-487ef5ff143e');
insert into seats (id, created_at, updated_at, number,row_id,price_category_id) values ('2d110df2-9857-4021-a6a0-2800bc7d5b40', '15-May-2021', '28-Mar-2021', 5,'57df8bb6-0cb3-4ae9-94f9-216450538840','4d02bc47-ae5c-432d-a61d-e2ad6b9b535e');
insert into seats (id, created_at, updated_at, number,row_id,price_category_id) values ('eb3b3b9d-383b-4cac-9a5f-8a1063d6a693', '29-Mar-2021', '01-Aug-2021', 1,'acfaf526-add4-4da0-a9ad-4484287c1db0','a5fd454a-a08d-4fe6-8d7b-248789551000');
insert into seats (id, created_at, updated_at, number,row_id,price_category_id) values ('92f6c3b3-6883-4ca0-ada1-b44f3ba63b6a', '04-Jul-2021', '24-Apr-2021', 2,'1516f106-986b-460d-92d8-d1f17c9523b9','525d0c3d-1a1a-4f37-8bbf-abc5e060647b');
insert into seats (id, created_at, updated_at, number,row_id,price_category_id) values ('af948954-35e5-41dd-9196-fb4de696e09a', '09-Apr-2021', '02-Oct-2021', 3,'2f933c28-3ce3-42df-a7e2-9d5f330b6755','ce5c731e-c473-444f-8973-487ef5ff143e');
insert into seats (id, created_at, updated_at, number,row_id,price_category_id) values ('a3a44d08-fef4-48da-b220-d8724b2fe26f', '25-Jun-2021', '28-Jul-2021', 4,'9d4c761f-6fe7-4724-af33-8fb63eb6162f','4d02bc47-ae5c-432d-a61d-e2ad6b9b535e');
insert into seats (id, created_at, updated_at, number,row_id,price_category_id) values ('ff48d737-6e73-4ed7-8294-01b41fccca99', '07-Nov-2021', '25-Dec-2021', 5,'7e4e2acc-ca0f-4eae-a420-839047d06efe','a5fd454a-a08d-4fe6-8d7b-248789551000');
insert into seats (id, created_at, updated_at, number,row_id,price_category_id) values ('11df95e0-e84c-4f09-ba85-f7b9c38ef29e', '12-Feb-2022', '20-May-2021', 1,'58fbb227-f958-4cf9-b833-050f8103edc5','525d0c3d-1a1a-4f37-8bbf-abc5e060647b');
insert into seats (id, created_at, updated_at, number,row_id,price_category_id) values ('a97468f0-9360-4d90-9743-5c0b2a384739', '21-Oct-2021', '14-Nov-2021', 2,'ec3c51a1-5dcf-46bb-94d8-6c1c2f971e65','ce5c731e-c473-444f-8973-487ef5ff143e');
insert into seats (id, created_at, updated_at, number,row_id,price_category_id) values ('ce61d116-bd6c-40aa-b566-32ead82f0cb6', '28-Feb-2022', '03-Jun-2021', 3,'d3f4127e-e209-47b0-a946-e68d3ea2d943','4d02bc47-ae5c-432d-a61d-e2ad6b9b535e');
insert into seats (id, created_at, updated_at, number,row_id,price_category_id) values ('b5619762-ba56-48c8-989e-c12ae15d61ea', '30-Mar-2021', '26-Apr-2021', 4,'7016807e-7a56-4c93-811a-363d05b2ed77','a5fd454a-a08d-4fe6-8d7b-248789551000');
insert into seats (id, created_at, updated_at, number,row_id,price_category_id) values ('02fbfdf3-f370-4ffe-8a16-1458c2412741', '16-Aug-2021', '04-Apr-2021', 5,'f10cdc08-1c08-439a-98a4-8f98623b2641','525d0c3d-1a1a-4f37-8bbf-abc5e060647b');
---- 2 insert into
insert into seats (id, created_at, updated_at, number,price_category_id,row_id) values ('7018534d-a29a-4453-bf8e-3caa647b0a5c', '03-Nov-2021', '20-Aug-2021', 1,'ce5c731e-c473-444f-8973-487ef5ff143e','f10cdc08-1c08-439a-98a4-8f98623b2641');
insert into seats (id, created_at, updated_at, number,price_category_id,row_id) values ('d47f8a9c-94e5-4da4-9221-563c882478be', '30-Dec-2021', '03-Jan-2022', 2,'4d02bc47-ae5c-432d-a61d-e2ad6b9b535e','704317d1-4a30-42e1-a2b4-6cb59d79f30a');
insert into seats (id, created_at, updated_at, number,price_category_id,row_id) values ('56aa669e-8fed-4c26-8269-42136ac2082d', '21-Mar-2021', '08-Feb-2022', 3,'a5fd454a-a08d-4fe6-8d7b-248789551000','b54e99e7-a731-4f9f-b15c-e536dc100e43');
insert into seats (id, created_at, updated_at, number,price_category_id,row_id) values ('f33998f0-82b9-4000-b193-9735ca4e2033', '08-Jun-2021', '25-Jan-2022', 4,'525d0c3d-1a1a-4f37-8bbf-abc5e060647b','19ddd875-bded-4c05-8b97-b6deec8be3c9');
insert into seats (id, created_at, updated_at, number,price_category_id,row_id) values ('b5f93939-fdd3-423c-8883-c3b012ccb033', '28-Aug-2021', '24-Feb-2022', 5,'ce5c731e-c473-444f-8973-487ef5ff143e','b2224c18-48f3-49ab-b2e0-e27ccc6d72c7');
insert into seats (id, created_at, updated_at, number,price_category_id,row_id) values ('e1929095-62b8-4bc2-8841-0a0d990c76c5', '01-Jan-2022', '22-Feb-2022', 1,'4d02bc47-ae5c-432d-a61d-e2ad6b9b535e','3c90c5d4-1665-4391-96fe-717f61dc893b');
insert into seats (id, created_at, updated_at, number,price_category_id,row_id) values ('8f006ba6-b1c5-4d86-a85b-cc6a6f1da112', '06-Nov-2021', '29-Jul-2021', 2,'a5fd454a-a08d-4fe6-8d7b-248789551000','dde3e841-21de-4314-8760-6e7a506ef1b1');
insert into seats (id, created_at, updated_at, number,price_category_id,row_id) values ('3166bf59-6829-48c9-a3c1-5f89cacc320a', '21-Oct-2021', '10-Mar-2022', 3,'525d0c3d-1a1a-4f37-8bbf-abc5e060647b','4051453e-56d6-48a7-ae01-d2aa68ed2ee9');
insert into seats (id, created_at, updated_at, number,price_category_id,row_id) values ('24b42122-84c2-4b08-942a-f34c25c3762e', '11-Oct-2021', '09-May-2021', 4,'ce5c731e-c473-444f-8973-487ef5ff143e','5b883129-5aac-4268-895a-5c76d38ab2e9');
insert into seats (id, created_at, updated_at, number,price_category_id,row_id) values ('83d0740b-9fe3-4daa-a3a6-8221fe69672a', '13-May-2021', '26-Mar-2021', 5,'4d02bc47-ae5c-432d-a61d-e2ad6b9b535e','3650b6f6-07e6-4e0f-8b4c-8605e1ef4f78');
insert into seats (id, created_at, updated_at, number,price_category_id,row_id) values ('9c14d7b6-a535-4a67-90e2-a17271815161', '20-Sep-2021', '06-Dec-2021', 1,'a5fd454a-a08d-4fe6-8d7b-248789551000','f6a55c7d-a413-415d-8dcc-c8f87447ea5a');
insert into seats (id, created_at, updated_at, number,price_category_id,row_id) values ('c6f0accc-c7c9-4099-bc8c-5c82ba1c1aa5', '26-Sep-2021', '20-Sep-2021', 2,'525d0c3d-1a1a-4f37-8bbf-abc5e060647b','03508218-4d58-4d05-9029-0e15a5c3bf64');
insert into seats (id, created_at, updated_at, number,price_category_id,row_id) values ('66579cd6-49bb-4451-acfb-ce28facbb9c1', '14-Jul-2021', '29-Oct-2021', 3,'ce5c731e-c473-444f-8973-487ef5ff143e','bd1311a2-5dfe-4743-a7e6-c52685037389');
insert into seats (id, created_at, updated_at, number,price_category_id,row_id) values ('7840583d-6fda-4bcb-be66-d387f672a007', '04-Oct-2021', '19-Jun-2021', 4,'4d02bc47-ae5c-432d-a61d-e2ad6b9b535e','1ce70efc-ed2a-49ad-9328-4f24af22f638');
insert into seats (id, created_at, updated_at, number,price_category_id,row_id) values ('d28df228-0d0d-458b-b086-d25de36e8077', '17-Jul-2021', '27-Aug-2021', 5,'a5fd454a-a08d-4fe6-8d7b-248789551000','d99b13f1-003f-4dfe-8e46-f92869bb22b8');
insert into seats (id, created_at, updated_at, number,price_category_id,row_id) values ('2b5f4138-c533-446c-beda-24ae22728966', '22-May-2021', '30-Sep-2021', 1,'525d0c3d-1a1a-4f37-8bbf-abc5e060647b','d391a71c-2540-4fae-b5a3-e4b11f476bd8');
insert into seats (id, created_at, updated_at, number,price_category_id,row_id) values ('308c9688-6600-4623-a8f4-1a0200779531', '08-Jul-2021', '12-Jan-2022', 2,'ce5c731e-c473-444f-8973-487ef5ff143e','f4060758-0ced-4270-973b-e385a9302877');
insert into seats (id, created_at, updated_at, number,price_category_id,row_id) values ('e58aef51-e6af-41ba-82e4-769161ffc51d', '07-Jun-2021', '09-Dec-2021', 3,'4d02bc47-ae5c-432d-a61d-e2ad6b9b535e','e42bb871-de9b-4be7-8a2d-c437fb58e451');
insert into seats (id, created_at, updated_at, number,price_category_id,row_id) values ('0ccf3f8b-ec27-43db-8b0b-e320455faeea', '19-May-2021', '10-Oct-2021', 4,'a5fd454a-a08d-4fe6-8d7b-248789551000','6b94dfb1-702a-48b4-b146-12d43c97d4d9');
insert into seats (id, created_at, updated_at, number,price_category_id,row_id) values ('8694a5ce-0d4a-45cf-9180-aa7af731302d', '14-Nov-2021', '07-Nov-2021', 5,'525d0c3d-1a1a-4f37-8bbf-abc5e060647b','4b155cd6-e43b-48c5-8459-5d93a01a035c');
insert into seats (id, created_at, updated_at, number,price_category_id,row_id) values ('528027a6-5bcd-4ddb-b53a-b618aaca13a1', '03-Oct-2021', '31-Oct-2021', 1,'ce5c731e-c473-444f-8973-487ef5ff143e','f66f4be9-5f62-4149-b5b7-8674426456a0');
insert into seats (id, created_at, updated_at, number,price_category_id,row_id) values ('56a885ae-e529-4346-8aba-9ffcf34c1564', '04-Apr-2021', '28-Jan-2022', 2,'4d02bc47-ae5c-432d-a61d-e2ad6b9b535e','f930780e-33e1-4f1d-b6b2-fcafcafb5604');
insert into seats (id, created_at, updated_at, number,price_category_id,row_id) values ('e4b86221-d16e-4ec6-9fc3-584e9e77aeb3', '07-May-2021', '20-Apr-2021', 3,'a5fd454a-a08d-4fe6-8d7b-248789551000','1e19fb60-7d6d-4d28-a5a7-72ce548829d3');
insert into seats (id, created_at, updated_at, number,price_category_id,row_id) values ('2de38611-7a3f-4a80-82e7-ccd1fea0708e', '13-Jun-2021', '28-Nov-2021', 4,'525d0c3d-1a1a-4f37-8bbf-abc5e060647b','8bce6b96-2781-4ebc-9533-81134b3a3be7');
insert into seats (id, created_at, updated_at, number,price_category_id,row_id) values ('1b0e9b50-04ed-41ee-9dfa-7435823fe1bb', '19-Dec-2021', '07-Jun-2021', 5,'ce5c731e-c473-444f-8973-487ef5ff143e','06d0e1af-8851-4842-9ac4-b5621c29b9ce');
insert into seats (id, created_at, updated_at, number,price_category_id,row_id) values ('27b7ef57-6e2f-42e2-8eb8-ab7278bb6bbe', '15-Aug-2021', '26-Jun-2021', 1,'4d02bc47-ae5c-432d-a61d-e2ad6b9b535e','4dea26a2-77f1-447b-b403-9a0cfedd1427');
insert into seats (id, created_at, updated_at, number,price_category_id,row_id) values ('e4444ee2-06ac-479f-b33e-de79324baf69', '23-Apr-2021', '03-Nov-2021', 2,'a5fd454a-a08d-4fe6-8d7b-248789551000','3bda20c1-4184-4537-b3c3-40dc2d886369');
insert into seats (id, created_at, updated_at, number,price_category_id,row_id) values ('4f16f262-c6d8-4e44-88f4-b6877b484fc5', '08-Mar-2022', '20-Apr-2021', 3,'525d0c3d-1a1a-4f37-8bbf-abc5e060647b','85452d3c-2867-4293-8483-563a28237c2e');
insert into seats (id, created_at, updated_at, number,price_category_id,row_id) values ('2436f359-3122-4155-ad7a-b743e56107d8', '05-Feb-2022', '24-May-2021', 4,'ce5c731e-c473-444f-8973-487ef5ff143e','db7ece5a-4906-487d-aa10-4ffc696da900');
insert into seats (id, created_at, updated_at, number,price_category_id,row_id) values ('fbed9490-155f-418f-8d70-e1f0a3886c27', '14-Oct-2021', '26-Oct-2021', 5,'4d02bc47-ae5c-432d-a61d-e2ad6b9b535e','4e3e0f62-42d1-44c4-a9d2-c25b4e1d04cc');
insert into seats (id, created_at, updated_at, number,price_category_id,row_id) values ('41fba478-330e-43a5-a0c6-526a0b982bc5', '08-Oct-2021', '19-Jun-2021', 1,'a5fd454a-a08d-4fe6-8d7b-248789551000','57df8bb6-0cb3-4ae9-94f9-216450538840');
insert into seats (id, created_at, updated_at, number,price_category_id,row_id) values ('bcb00f47-8234-472b-a400-d99a56c87377', '05-Apr-2021', '01-Sep-2021', 2,'525d0c3d-1a1a-4f37-8bbf-abc5e060647b','acfaf526-add4-4da0-a9ad-4484287c1db0');
insert into seats (id, created_at, updated_at, number,price_category_id,row_id) values ('929d1ae4-895e-4828-8d6c-0264e547ef15', '14-Jun-2021', '14-Sep-2021', 3,'ce5c731e-c473-444f-8973-487ef5ff143e','1516f106-986b-460d-92d8-d1f17c9523b9');
insert into seats (id, created_at, updated_at, number,price_category_id,row_id) values ('a86077c1-6371-4e5d-865e-147fdb13ab79', '05-Sep-2021', '15-Jul-2021', 4,'4d02bc47-ae5c-432d-a61d-e2ad6b9b535e','2f933c28-3ce3-42df-a7e2-9d5f330b6755');
insert into seats (id, created_at, updated_at, number,price_category_id,row_id) values ('6db75c1a-1bef-4332-9b48-e1b7f4db692a', '05-Sep-2021', '24-Aug-2021', 5,'a5fd454a-a08d-4fe6-8d7b-248789551000','9d4c761f-6fe7-4724-af33-8fb63eb6162f');
insert into seats (id, created_at, updated_at, number,price_category_id,row_id) values ('9009ea70-2f2a-4e7f-9b61-d4b5b79a66c4', '07-Jan-2022', '18-Jun-2021', 1,'525d0c3d-1a1a-4f37-8bbf-abc5e060647b','7e4e2acc-ca0f-4eae-a420-839047d06efe');
insert into seats (id, created_at, updated_at, number,price_category_id,row_id) values ('c5f34528-821c-4b84-ac17-df3b17d0451a', '22-Aug-2021', '01-Apr-2021', 2,'ce5c731e-c473-444f-8973-487ef5ff143e','58fbb227-f958-4cf9-b833-050f8103edc5');
insert into seats (id, created_at, updated_at, number,price_category_id,row_id) values ('5832d27d-44a4-4924-affa-83389b27f292', '22-Dec-2021', '30-Aug-2021', 3,'4d02bc47-ae5c-432d-a61d-e2ad6b9b535e','ec3c51a1-5dcf-46bb-94d8-6c1c2f971e65');
insert into seats (id, created_at, updated_at, number,price_category_id,row_id) values ('6774722e-9ba4-4a3e-8b75-c8c893465e62', '06-Dec-2021', '13-Sep-2021', 4,'a5fd454a-a08d-4fe6-8d7b-248789551000','d3f4127e-e209-47b0-a946-e68d3ea2d943');
insert into seats (id, created_at, updated_at, number,price_category_id,row_id) values ('3a5d6366-d674-401a-bcc4-f99df15c0fd2', '03-Jun-2021', '14-Mar-2022', 5,'525d0c3d-1a1a-4f37-8bbf-abc5e060647b','7016807e-7a56-4c93-811a-363d05b2ed77');
---------------- 3 insert into
insert into seats (id, created_at, updated_at, number,row_id,price_category_id) values ('5375e067-51c0-4649-ad55-54004939d4de', '22-Sep-2021', '02-Jun-2021', 1,'7016807e-7a56-4c93-811a-363d05b2ed77','ce5c731e-c473-444f-8973-487ef5ff143e');
insert into seats (id, created_at, updated_at, number,row_id,price_category_id) values ('f54ca2de-099e-4151-a418-f9b4d0818f69', '23-Sep-2021', '22-Jan-2022', 2,'f10cdc08-1c08-439a-98a4-8f98623b2641','4d02bc47-ae5c-432d-a61d-e2ad6b9b535e');
insert into seats (id, created_at, updated_at, number,row_id,price_category_id) values ('962192e1-8bff-44c7-a3fe-24085e508d8d', '22-Apr-2021', '07-Jun-2021', 3,'704317d1-4a30-42e1-a2b4-6cb59d79f30a','a5fd454a-a08d-4fe6-8d7b-248789551000');
insert into seats (id, created_at, updated_at, number,row_id,price_category_id) values ('6acc398a-a9cc-49d0-bd4b-0cb0fbe1e7e8', '01-Jun-2021', '01-Jul-2021', 4,'b54e99e7-a731-4f9f-b15c-e536dc100e43','525d0c3d-1a1a-4f37-8bbf-abc5e060647b');
insert into seats (id, created_at, updated_at, number,row_id,price_category_id) values ('f5f00b35-ee28-410e-91d8-1d5eb8608a22', '20-Feb-2022', '08-Jul-2021', 5,'19ddd875-bded-4c05-8b97-b6deec8be3c9','ce5c731e-c473-444f-8973-487ef5ff143e');
insert into seats (id, created_at, updated_at, number,row_id,price_category_id) values ('4188fa43-faa9-4e03-a4ab-6ce57c96f4a8', '15-Dec-2021', '29-Jan-2022', 1,'b2224c18-48f3-49ab-b2e0-e27ccc6d72c7','4d02bc47-ae5c-432d-a61d-e2ad6b9b535e');
insert into seats (id, created_at, updated_at, number,row_id,price_category_id) values ('4bcae7dd-f475-4d7c-804e-3b0a29fe0d9c', '06-Mar-2022', '10-Mar-2022', 2,'3c90c5d4-1665-4391-96fe-717f61dc893b','a5fd454a-a08d-4fe6-8d7b-248789551000');
insert into seats (id, created_at, updated_at, number,row_id,price_category_id) values ('7936bbd8-0661-4dc9-b960-382748bbb84f', '23-Mar-2021', '18-Dec-2021', 3,'dde3e841-21de-4314-8760-6e7a506ef1b1','525d0c3d-1a1a-4f37-8bbf-abc5e060647b');
insert into seats (id, created_at, updated_at, number,row_id,price_category_id) values ('d607911a-8903-4cdf-91a0-93d0456b62a5', '30-Nov-2021', '24-Aug-2021', 4,'4051453e-56d6-48a7-ae01-d2aa68ed2ee9','ce5c731e-c473-444f-8973-487ef5ff143e');
insert into seats (id, created_at, updated_at, number,row_id,price_category_id) values ('8e11a87c-fee5-4087-99cd-b6c2dfe812b4', '16-May-2021', '26-Aug-2021', 5,'5b883129-5aac-4268-895a-5c76d38ab2e9','4d02bc47-ae5c-432d-a61d-e2ad6b9b535e');
insert into seats (id, created_at, updated_at, number,row_id,price_category_id) values ('6d4ea2b2-e42b-4495-8c51-9ae6733b8a6b', '01-Feb-2022', '22-Aug-2021', 1,'3650b6f6-07e6-4e0f-8b4c-8605e1ef4f78','a5fd454a-a08d-4fe6-8d7b-248789551000');
insert into seats (id, created_at, updated_at, number,row_id,price_category_id) values ('5ea64a12-1dfa-4a79-bf36-f1bc783d6c6c', '01-Dec-2021', '12-Apr-2021', 2,'f6a55c7d-a413-415d-8dcc-c8f87447ea5a','525d0c3d-1a1a-4f37-8bbf-abc5e060647b');
insert into seats (id, created_at, updated_at, number,row_id,price_category_id) values ('9bc17dae-e157-4df6-a610-566ded510c40', '26-Oct-2021', '08-Jan-2022', 3,'03508218-4d58-4d05-9029-0e15a5c3bf64','ce5c731e-c473-444f-8973-487ef5ff143e');
insert into seats (id, created_at, updated_at, number,row_id,price_category_id) values ('962b92a5-b353-45c1-8e1d-faf73796a41a', '23-Aug-2021', '18-Nov-2021', 4,'bd1311a2-5dfe-4743-a7e6-c52685037389','4d02bc47-ae5c-432d-a61d-e2ad6b9b535e');
insert into seats (id, created_at, updated_at, number,row_id,price_category_id) values ('879beaa7-e00c-44a9-8fbb-e6f3ac741f12', '22-Jun-2021', '30-Mar-2021', 5,'1ce70efc-ed2a-49ad-9328-4f24af22f638','a5fd454a-a08d-4fe6-8d7b-248789551000');
insert into seats (id, created_at, updated_at, number,row_id,price_category_id) values ('21c030cf-8b39-45a4-a344-5c464f7a4cd2', '04-Jun-2021', '26-Aug-2021', 1,'d99b13f1-003f-4dfe-8e46-f92869bb22b8','525d0c3d-1a1a-4f37-8bbf-abc5e060647b');
insert into seats (id, created_at, updated_at, number,row_id,price_category_id) values ('a7cc6da1-6942-41be-8883-329d4af5f85b', '12-Aug-2021', '25-Jul-2021', 2,'d391a71c-2540-4fae-b5a3-e4b11f476bd8','ce5c731e-c473-444f-8973-487ef5ff143e');
insert into seats (id, created_at, updated_at, number,row_id,price_category_id) values ('54145c0f-e2a9-4666-b278-755a2c72a243', '29-Nov-2021', '06-Dec-2021', 3,'f4060758-0ced-4270-973b-e385a9302877','4d02bc47-ae5c-432d-a61d-e2ad6b9b535e');
insert into seats (id, created_at, updated_at, number,row_id,price_category_id) values ('827a92c0-c6e8-4416-a774-98d2a7e76343', '08-Feb-2022', '12-Jul-2021', 4,'e42bb871-de9b-4be7-8a2d-c437fb58e451','a5fd454a-a08d-4fe6-8d7b-248789551000');
insert into seats (id, created_at, updated_at, number,row_id,price_category_id) values ('452480c0-19aa-4b84-8c26-3a40bc1d2182', '14-Apr-2021', '24-Aug-2021', 5,'6b94dfb1-702a-48b4-b146-12d43c97d4d9','525d0c3d-1a1a-4f37-8bbf-abc5e060647b');
insert into seats (id, created_at, updated_at, number,row_id,price_category_id) values ('91503d3a-6e5c-4e9f-83e8-81e210eb76ed', '16-Apr-2021', '14-Dec-2021', 1,'4b155cd6-e43b-48c5-8459-5d93a01a035c','ce5c731e-c473-444f-8973-487ef5ff143e');
insert into seats (id, created_at, updated_at, number,row_id,price_category_id) values ('1c83f1f5-da76-4c62-b2af-933a38302cb4', '12-Apr-2021', '25-Sep-2021', 2,'f66f4be9-5f62-4149-b5b7-8674426456a0','4d02bc47-ae5c-432d-a61d-e2ad6b9b535e');
insert into seats (id, created_at, updated_at, number,row_id,price_category_id) values ('3f30a292-0fc3-493f-97a1-fc18f5377803', '23-Jun-2021', '19-Dec-2021', 3,'f930780e-33e1-4f1d-b6b2-fcafcafb5604','a5fd454a-a08d-4fe6-8d7b-248789551000');
insert into seats (id, created_at, updated_at, number,row_id,price_category_id) values ('a8d4880e-567c-44c0-a4c7-585cd2ca5f18', '24-Sep-2021', '16-Aug-2021', 4,'1e19fb60-7d6d-4d28-a5a7-72ce548829d3','525d0c3d-1a1a-4f37-8bbf-abc5e060647b');
insert into seats (id, created_at, updated_at, number,row_id,price_category_id) values ('30ce6b0e-aa0f-4a74-8ed5-9ae4085fe226', '03-Nov-2021', '16-Oct-2021', 5,'8bce6b96-2781-4ebc-9533-81134b3a3be7','ce5c731e-c473-444f-8973-487ef5ff143e');
insert into seats (id, created_at, updated_at, number,row_id,price_category_id) values ('12b6a6e9-5629-4d3b-bc64-8800a413e63e', '01-May-2021', '21-Jan-2022', 1,'06d0e1af-8851-4842-9ac4-b5621c29b9ce','4d02bc47-ae5c-432d-a61d-e2ad6b9b535e');
insert into seats (id, created_at, updated_at, number,row_id,price_category_id) values ('849e53aa-b4af-4423-8d8f-5a56a393e0f5', '03-Apr-2021', '21-May-2021', 2,'4dea26a2-77f1-447b-b403-9a0cfedd1427','a5fd454a-a08d-4fe6-8d7b-248789551000');
insert into seats (id, created_at, updated_at, number,row_id,price_category_id) values ('6e9fa59a-e71a-4e82-81f4-79bf35d96041', '22-Nov-2021', '27-Oct-2021', 3,'3bda20c1-4184-4537-b3c3-40dc2d886369','525d0c3d-1a1a-4f37-8bbf-abc5e060647b');
insert into seats (id, created_at, updated_at, number,row_id,price_category_id) values ('95fd6a90-6f6f-4c32-94e6-d42496bbf1c6', '24-Dec-2021', '18-May-2021', 4,'85452d3c-2867-4293-8483-563a28237c2e','ce5c731e-c473-444f-8973-487ef5ff143e');
insert into seats (id, created_at, updated_at, number,row_id,price_category_id) values ('ddb2af67-4515-495d-a5c0-418641f6840f', '25-Oct-2021', '09-Oct-2021', 5,'db7ece5a-4906-487d-aa10-4ffc696da900','4d02bc47-ae5c-432d-a61d-e2ad6b9b535e');
insert into seats (id, created_at, updated_at, number,row_id,price_category_id) values ('b4ec557a-8441-424e-84a1-f4512fcc544c', '20-Dec-2021', '04-Feb-2022', 1,'4e3e0f62-42d1-44c4-a9d2-c25b4e1d04cc','a5fd454a-a08d-4fe6-8d7b-248789551000');
insert into seats (id, created_at, updated_at, number,row_id,price_category_id) values ('636d4a14-abbe-44a0-93e8-15b09e2f5243', '30-Mar-2021', '08-Jan-2022', 2,'57df8bb6-0cb3-4ae9-94f9-216450538840','525d0c3d-1a1a-4f37-8bbf-abc5e060647b');
insert into seats (id, created_at, updated_at, number,row_id,price_category_id) values ('a760331d-a49f-4d83-b089-c2a0ec474357', '02-Oct-2021', '10-Dec-2021', 3,'acfaf526-add4-4da0-a9ad-4484287c1db0','ce5c731e-c473-444f-8973-487ef5ff143e');
insert into seats (id, created_at, updated_at, number,row_id,price_category_id) values ('b4777a5f-5be2-43da-bf4e-5656e543137b', '08-Jan-2022', '10-Jan-2022', 4,'1516f106-986b-460d-92d8-d1f17c9523b9','4d02bc47-ae5c-432d-a61d-e2ad6b9b535e');
insert into seats (id, created_at, updated_at, number,row_id,price_category_id) values ('25343287-4c9c-467c-a685-0b33c53f3b14', '02-May-2021', '10-Nov-2021', 5,'2f933c28-3ce3-42df-a7e2-9d5f330b6755','a5fd454a-a08d-4fe6-8d7b-248789551000');
insert into seats (id, created_at, updated_at, number,row_id,price_category_id) values ('6b1e41c4-e548-45ff-abb1-30aeb17d0a8d', '23-Dec-2021', '14-Jan-2022', 1,'9d4c761f-6fe7-4724-af33-8fb63eb6162f','525d0c3d-1a1a-4f37-8bbf-abc5e060647b');
insert into seats (id, created_at, updated_at, number,row_id,price_category_id) values ('40a8b887-c533-4d20-a145-5f1faab3b063', '05-Mar-2022', '17-Oct-2021', 2,'7e4e2acc-ca0f-4eae-a420-839047d06efe','ce5c731e-c473-444f-8973-487ef5ff143e');
insert into seats (id, created_at, updated_at, number,row_id,price_category_id) values ('a2c6c749-a864-40fc-9808-95616490a738', '29-Jan-2022', '28-Oct-2021', 3,'58fbb227-f958-4cf9-b833-050f8103edc5','4d02bc47-ae5c-432d-a61d-e2ad6b9b535e');
insert into seats (id, created_at, updated_at, number,row_id,price_category_id) values ('cc8a4955-3e3b-4b6e-b8c1-11dd2efd32d0', '07-Jun-2021', '05-Sep-2021', 4,'ec3c51a1-5dcf-46bb-94d8-6c1c2f971e65','a5fd454a-a08d-4fe6-8d7b-248789551000');
insert into seats (id, created_at, updated_at, number,row_id,price_category_id) values ('6f8f7b4a-9d5f-4913-970c-93c416b99299', '05-Apr-2021', '04-Apr-2021', 5,'d3f4127e-e209-47b0-a946-e68d3ea2d943','525d0c3d-1a1a-4f37-8bbf-abc5e060647b');
------------ 4 insert into
insert into seats (id, created_at, updated_at, number,row_id,price_category_id) values ('92caaafd-552c-47aa-86c5-927402a8bc66', '24-Jun-2021', '14-Apr-2021', 1,'d3f4127e-e209-47b0-a946-e68d3ea2d943','ce5c731e-c473-444f-8973-487ef5ff143e');
insert into seats (id, created_at, updated_at, number,row_id,price_category_id) values ('c1f4b054-3014-4fba-86ab-bb07267be93c', '15-Jun-2021', '20-Aug-2021', 2,'7016807e-7a56-4c93-811a-363d05b2ed77','4d02bc47-ae5c-432d-a61d-e2ad6b9b535e');
insert into seats (id, created_at, updated_at, number,row_id,price_category_id) values ('8111f6a3-0e7d-4827-8fae-5d4ef683dd8f', '31-Dec-2021', '08-Mar-2022', 3,'f10cdc08-1c08-439a-98a4-8f98623b2641','a5fd454a-a08d-4fe6-8d7b-248789551000');
insert into seats (id, created_at, updated_at, number,row_id,price_category_id) values ('2f9cb1af-99c1-4ded-b1e6-652d2667ba3b', '11-May-2021', '07-Mar-2022', 4,'704317d1-4a30-42e1-a2b4-6cb59d79f30a','525d0c3d-1a1a-4f37-8bbf-abc5e060647b');
insert into seats (id, created_at, updated_at, number,row_id,price_category_id) values ('5866b37e-1fd8-4a53-a571-8ba01d9cd508', '23-Jun-2021', '14-Feb-2022', 5,'b54e99e7-a731-4f9f-b15c-e536dc100e43','ce5c731e-c473-444f-8973-487ef5ff143e');
insert into seats (id, created_at, updated_at, number,row_id,price_category_id) values ('f44184aa-2b4c-460a-8a86-316049b168b4', '01-Apr-2021', '29-Jul-2021', 1,'19ddd875-bded-4c05-8b97-b6deec8be3c9','4d02bc47-ae5c-432d-a61d-e2ad6b9b535e');
insert into seats (id, created_at, updated_at, number,row_id,price_category_id) values ('b1e0e247-5794-4443-9067-5c140e65b64d', '09-Mar-2022', '06-Apr-2021', 2,'b2224c18-48f3-49ab-b2e0-e27ccc6d72c7','a5fd454a-a08d-4fe6-8d7b-248789551000');
insert into seats (id, created_at, updated_at, number,row_id,price_category_id) values ('f970f986-29b0-4387-ac16-9e16d63e7039', '16-Dec-2021', '01-May-2021', 3,'3c90c5d4-1665-4391-96fe-717f61dc893b','525d0c3d-1a1a-4f37-8bbf-abc5e060647b');
insert into seats (id, created_at, updated_at, number,row_id,price_category_id) values ('bc0c1ed3-1313-4a2c-acb0-12343a73447c', '15-Mar-2022', '25-Mar-2021', 4,'dde3e841-21de-4314-8760-6e7a506ef1b1','ce5c731e-c473-444f-8973-487ef5ff143e');
insert into seats (id, created_at, updated_at, number,row_id,price_category_id) values ('d889fb62-07b7-481a-b63a-fef3c71fd687', '30-Jun-2021', '12-Aug-2021', 5,'4051453e-56d6-48a7-ae01-d2aa68ed2ee9','4d02bc47-ae5c-432d-a61d-e2ad6b9b535e');
insert into seats (id, created_at, updated_at, number,row_id,price_category_id) values ('da2226ee-7e1a-4018-a7db-323b066e52ec', '07-Aug-2021', '30-Jul-2021', 1,'5b883129-5aac-4268-895a-5c76d38ab2e9','a5fd454a-a08d-4fe6-8d7b-248789551000');
insert into seats (id, created_at, updated_at, number,row_id,price_category_id) values ('44a685d4-767e-434b-8f9f-1c132e65cd1b', '20-Mar-2021', '13-Dec-2021', 2,'3650b6f6-07e6-4e0f-8b4c-8605e1ef4f78','525d0c3d-1a1a-4f37-8bbf-abc5e060647b');
insert into seats (id, created_at, updated_at, number,row_id,price_category_id) values ('1571c6bd-ec77-4580-901b-b63f1c23dda2', '23-Feb-2022', '12-Jan-2022', 3,'f6a55c7d-a413-415d-8dcc-c8f87447ea5a','ce5c731e-c473-444f-8973-487ef5ff143e');
insert into seats (id, created_at, updated_at, number,row_id,price_category_id) values ('a778c1a2-bc2e-48d9-9edd-e8c620e08501', '13-Aug-2021', '03-Jan-2022', 4,'03508218-4d58-4d05-9029-0e15a5c3bf64','4d02bc47-ae5c-432d-a61d-e2ad6b9b535e');
insert into seats (id, created_at, updated_at, number,row_id,price_category_id) values ('e84391f3-c107-4b40-82cf-34131388e881', '14-Sep-2021', '21-Feb-2022', 5,'bd1311a2-5dfe-4743-a7e6-c52685037389','a5fd454a-a08d-4fe6-8d7b-248789551000');
insert into seats (id, created_at, updated_at, number,row_id,price_category_id) values ('1396073b-7a7a-4717-ad6c-20d7da3e2abe', '05-Dec-2021', '30-Jun-2021', 1,'1ce70efc-ed2a-49ad-9328-4f24af22f638','525d0c3d-1a1a-4f37-8bbf-abc5e060647b');
insert into seats (id, created_at, updated_at, number,row_id,price_category_id) values ('9c39bb98-7560-4bc7-a8c4-f04b1bde6635', '21-Nov-2021', '24-Jul-2021', 2,'d99b13f1-003f-4dfe-8e46-f92869bb22b8','ce5c731e-c473-444f-8973-487ef5ff143e');
insert into seats (id, created_at, updated_at, number,row_id,price_category_id) values ('040d0deb-1d41-416e-8936-d242831459af', '10-Mar-2022', '10-May-2021', 3,'d391a71c-2540-4fae-b5a3-e4b11f476bd8','4d02bc47-ae5c-432d-a61d-e2ad6b9b535e');
insert into seats (id, created_at, updated_at, number,row_id,price_category_id) values ('32638f80-7e08-4824-b541-de2fcdaddcad', '28-Apr-2021', '12-Feb-2022', 4,'f4060758-0ced-4270-973b-e385a9302877','a5fd454a-a08d-4fe6-8d7b-248789551000');
insert into seats (id, created_at, updated_at, number,row_id,price_category_id) values ('357ab371-8ea6-446e-9b41-4e5ae57e94fa', '14-May-2021', '06-May-2021', 5,'e42bb871-de9b-4be7-8a2d-c437fb58e451','525d0c3d-1a1a-4f37-8bbf-abc5e060647b');
insert into seats (id, created_at, updated_at, number,row_id,price_category_id) values ('aeb75838-aa66-4868-8ec3-6197665a8596', '12-Dec-2021', '26-Jun-2021', 1,'6b94dfb1-702a-48b4-b146-12d43c97d4d9','ce5c731e-c473-444f-8973-487ef5ff143e');
insert into seats (id, created_at, updated_at, number,row_id,price_category_id) values ('3ad95ee6-2901-4ca2-b7d0-3e8a917d95a3', '26-Apr-2021', '31-Dec-2021', 2,'4b155cd6-e43b-48c5-8459-5d93a01a035c','4d02bc47-ae5c-432d-a61d-e2ad6b9b535e');
insert into seats (id, created_at, updated_at, number,row_id,price_category_id) values ('284ac25d-09be-4152-b76b-1aa0c1af5b19', '08-May-2021', '14-Sep-2021', 3,'f66f4be9-5f62-4149-b5b7-8674426456a0','a5fd454a-a08d-4fe6-8d7b-248789551000');
insert into seats (id, created_at, updated_at, number,row_id,price_category_id) values ('cf74b034-4b4a-4910-88ba-d802c3fa3bf8', '09-Mar-2022', '14-Mar-2022', 4,'f930780e-33e1-4f1d-b6b2-fcafcafb5604','525d0c3d-1a1a-4f37-8bbf-abc5e060647b');
insert into seats (id, created_at, updated_at, number,row_id,price_category_id) values ('d4a94564-6c72-4b43-9989-8d129a87c7d1', '18-Mar-2021', '22-Mar-2021', 5,'1e19fb60-7d6d-4d28-a5a7-72ce548829d3','ce5c731e-c473-444f-8973-487ef5ff143e');
insert into seats (id, created_at, updated_at, number,row_id,price_category_id) values ('8f71379a-eaf3-4b6f-ac75-de15855399b3', '16-Oct-2021', '21-Nov-2021', 1,'8bce6b96-2781-4ebc-9533-81134b3a3be7','4d02bc47-ae5c-432d-a61d-e2ad6b9b535e');
insert into seats (id, created_at, updated_at, number,row_id,price_category_id) values ('bfb0645c-4be4-4d72-a241-4b3509888b52', '31-Mar-2021', '17-Aug-2021', 2,'06d0e1af-8851-4842-9ac4-b5621c29b9ce','a5fd454a-a08d-4fe6-8d7b-248789551000');
insert into seats (id, created_at, updated_at, number,row_id,price_category_id) values ('20a19256-e2ef-4f1b-83a5-fd2830d045c3', '03-Sep-2021', '29-Dec-2021', 3,'4dea26a2-77f1-447b-b403-9a0cfedd1427','525d0c3d-1a1a-4f37-8bbf-abc5e060647b');
insert into seats (id, created_at, updated_at, number,row_id,price_category_id) values ('5904f86e-1e01-4cc2-9631-28375680dfd6', '08-Apr-2021', '12-Sep-2021', 4,'3bda20c1-4184-4537-b3c3-40dc2d886369','ce5c731e-c473-444f-8973-487ef5ff143e');
insert into seats (id, created_at, updated_at, number,row_id,price_category_id) values ('17bafc64-25df-48b8-9a87-8e15ad9c3d87', '05-Feb-2022', '18-Sep-2021', 5,'85452d3c-2867-4293-8483-563a28237c2e','4d02bc47-ae5c-432d-a61d-e2ad6b9b535e');
insert into seats (id, created_at, updated_at, number,row_id,price_category_id) values ('d1dd952e-7d68-49d5-b532-f78a826641ac', '05-Jun-2021', '06-Nov-2021', 1,'db7ece5a-4906-487d-aa10-4ffc696da900','a5fd454a-a08d-4fe6-8d7b-248789551000');
insert into seats (id, created_at, updated_at, number,row_id,price_category_id) values ('86396157-c534-45cb-9248-ddf3309edc6c', '07-Oct-2021', '19-Nov-2021', 2,'4e3e0f62-42d1-44c4-a9d2-c25b4e1d04cc','525d0c3d-1a1a-4f37-8bbf-abc5e060647b');
insert into seats (id, created_at, updated_at, number,row_id,price_category_id) values ('b227a5a5-2347-417e-b444-02a3ebe6bb23', '24-Mar-2021', '10-Aug-2021', 3,'57df8bb6-0cb3-4ae9-94f9-216450538840','ce5c731e-c473-444f-8973-487ef5ff143e');
insert into seats (id, created_at, updated_at, number,row_id,price_category_id) values ('b329880f-48cf-45b1-8a07-477f51a5bdb6', '10-Jun-2021', '01-Apr-2021', 4,'acfaf526-add4-4da0-a9ad-4484287c1db0','4d02bc47-ae5c-432d-a61d-e2ad6b9b535e');
insert into seats (id, created_at, updated_at, number,row_id,price_category_id) values ('429ecd59-05e8-4862-ab30-a076e46a7b64', '03-Jun-2021', '22-Jan-2022', 5,'1516f106-986b-460d-92d8-d1f17c9523b9','a5fd454a-a08d-4fe6-8d7b-248789551000');
insert into seats (id, created_at, updated_at, number,row_id,price_category_id) values ('5b79e615-d6f2-4202-9b14-b2a86ad23743', '23-Jan-2022', '30-Nov-2021', 1,'2f933c28-3ce3-42df-a7e2-9d5f330b6755','525d0c3d-1a1a-4f37-8bbf-abc5e060647b');
insert into seats (id, created_at, updated_at, number,row_id,price_category_id) values ('9933666e-8535-4c5c-8b71-55e5efb8b213', '09-Mar-2022', '13-Mar-2022', 2,'9d4c761f-6fe7-4724-af33-8fb63eb6162f','ce5c731e-c473-444f-8973-487ef5ff143e');
insert into seats (id, created_at, updated_at, number,row_id,price_category_id) values ('46cf81ba-d139-4ad1-8cd1-108d453b99c7', '03-Apr-2021', '19-Jul-2021', 3,'7e4e2acc-ca0f-4eae-a420-839047d06efe','4d02bc47-ae5c-432d-a61d-e2ad6b9b535e');
insert into seats (id, created_at, updated_at, number,row_id,price_category_id) values ('355b32ed-be45-4228-bc1c-aa8eb9001f25', '22-Mar-2021', '15-Mar-2022', 4,'58fbb227-f958-4cf9-b833-050f8103edc5','a5fd454a-a08d-4fe6-8d7b-248789551000');
insert into seats (id, created_at, updated_at, number,row_id,price_category_id) values ('5afcf27d-a356-4ddc-83ab-b6e2752d1466', '26-Aug-2021', '10-Dec-2021', 5,'ec3c51a1-5dcf-46bb-94d8-6c1c2f971e65','525d0c3d-1a1a-4f37-8bbf-abc5e060647b');
------ 5 inset into
insert into seats (id, created_at, updated_at, number,row_id,price_category_id) values ('42441356-cad0-4fbf-bdb8-ea4339ffc8ea', '20-Oct-2021', '10-Apr-2021', 1,'ec3c51a1-5dcf-46bb-94d8-6c1c2f971e65','ce5c731e-c473-444f-8973-487ef5ff143e');
insert into seats (id, created_at, updated_at, number,row_id,price_category_id) values ('7d1fc68b-cfc3-47d1-9bbc-82da496e14d8', '22-Dec-2021', '07-Jul-2021', 2,'d3f4127e-e209-47b0-a946-e68d3ea2d943','4d02bc47-ae5c-432d-a61d-e2ad6b9b535e');
insert into seats (id, created_at, updated_at, number,row_id,price_category_id) values ('187e7a9b-d4fb-4168-9610-baf3dce03a52', '31-Dec-2021', '20-Nov-2021', 3,'7016807e-7a56-4c93-811a-363d05b2ed77','a5fd454a-a08d-4fe6-8d7b-248789551000');
insert into seats (id, created_at, updated_at, number,row_id,price_category_id) values ('352a1baf-2568-47db-9a9f-8b720836b5d5', '30-Apr-2021', '01-Nov-2021', 4,'f10cdc08-1c08-439a-98a4-8f98623b2641','525d0c3d-1a1a-4f37-8bbf-abc5e060647b');
insert into seats (id, created_at, updated_at, number,row_id,price_category_id) values ('31d4bf3f-04a0-4359-aaa3-6f1478f6304e', '22-Jul-2021', '24-Oct-2021', 5,'704317d1-4a30-42e1-a2b4-6cb59d79f30a','ce5c731e-c473-444f-8973-487ef5ff143e');
insert into seats (id, created_at, updated_at, number,row_id,price_category_id) values ('e0ff1596-6c8c-45f8-8b57-fe9a35540e76', '26-Dec-2021', '29-Nov-2021', 1,'b54e99e7-a731-4f9f-b15c-e536dc100e43','4d02bc47-ae5c-432d-a61d-e2ad6b9b535e');
insert into seats (id, created_at, updated_at, number,row_id,price_category_id) values ('3a730a37-0b88-436b-a259-1b8c081f444f', '28-Jun-2021', '03-Jul-2021', 2,'19ddd875-bded-4c05-8b97-b6deec8be3c9','a5fd454a-a08d-4fe6-8d7b-248789551000');
insert into seats (id, created_at, updated_at, number,row_id,price_category_id) values ('cc9fbdf6-bc5c-45fd-975c-47809b365ad9', '01-Sep-2021', '27-Nov-2021', 3,'b2224c18-48f3-49ab-b2e0-e27ccc6d72c7','525d0c3d-1a1a-4f37-8bbf-abc5e060647b');
insert into seats (id, created_at, updated_at, number,row_id,price_category_id) values ('e48bf645-92cc-47a0-82c8-4d28612c2357', '13-Jul-2021', '18-Oct-2021', 4,'3c90c5d4-1665-4391-96fe-717f61dc893b','ce5c731e-c473-444f-8973-487ef5ff143e');
insert into seats (id, created_at, updated_at, number,row_id,price_category_id) values ('57bfb335-3ead-40be-85f8-0387cab52e37', '26-Mar-2021', '25-Apr-2021', 5,'dde3e841-21de-4314-8760-6e7a506ef1b1','4d02bc47-ae5c-432d-a61d-e2ad6b9b535e');
insert into seats (id, created_at, updated_at, number,row_id,price_category_id) values ('1051069c-5a6d-4cdf-8f58-2ab35c827b7c', '27-Mar-2021', '10-Oct-2021', 1,'4051453e-56d6-48a7-ae01-d2aa68ed2ee9','a5fd454a-a08d-4fe6-8d7b-248789551000');
insert into seats (id, created_at, updated_at, number,row_id,price_category_id) values ('1ac87004-1910-4938-bcbd-4ae30f0537fb', '19-Dec-2021', '18-May-2021', 2,'5b883129-5aac-4268-895a-5c76d38ab2e9','525d0c3d-1a1a-4f37-8bbf-abc5e060647b');
insert into seats (id, created_at, updated_at, number,row_id,price_category_id) values ('285d9a17-d10e-4f6a-b9ff-c22185ae02df', '06-Oct-2021', '30-Oct-2021', 3,'3650b6f6-07e6-4e0f-8b4c-8605e1ef4f78','ce5c731e-c473-444f-8973-487ef5ff143e');
insert into seats (id, created_at, updated_at, number,row_id,price_category_id) values ('59271f77-a4d3-4914-8d36-b24d58601157', '17-Sep-2021', '12-Jul-2021', 4,'f6a55c7d-a413-415d-8dcc-c8f87447ea5a','4d02bc47-ae5c-432d-a61d-e2ad6b9b535e');
insert into seats (id, created_at, updated_at, number,row_id,price_category_id) values ('9446953a-2bfd-4c49-b253-609572e14f5b', '02-Oct-2021', '05-Oct-2021', 5,'03508218-4d58-4d05-9029-0e15a5c3bf64','a5fd454a-a08d-4fe6-8d7b-248789551000');
insert into seats (id, created_at, updated_at, number,row_id,price_category_id) values ('93622ff6-ca95-455e-814e-880858dfd268', '20-Apr-2021', '18-Nov-2021', 1,'bd1311a2-5dfe-4743-a7e6-c52685037389','525d0c3d-1a1a-4f37-8bbf-abc5e060647b');
insert into seats (id, created_at, updated_at, number,row_id,price_category_id) values ('045f0f42-c9a0-4942-ac0c-37b52fcf6b81', '23-Dec-2021', '20-Jun-2021', 2,'1ce70efc-ed2a-49ad-9328-4f24af22f638','ce5c731e-c473-444f-8973-487ef5ff143e');
insert into seats (id, created_at, updated_at, number,row_id,price_category_id) values ('60a2de51-07a9-4414-99c0-78cfab20dcb7', '04-Jan-2022', '20-May-2021', 3,'d99b13f1-003f-4dfe-8e46-f92869bb22b8','4d02bc47-ae5c-432d-a61d-e2ad6b9b535e');
insert into seats (id, created_at, updated_at, number,row_id,price_category_id) values ('d10321b9-69bf-43f3-aa6f-d43e295a25e5', '30-Oct-2021', '15-Jun-2021', 4,'d391a71c-2540-4fae-b5a3-e4b11f476bd8','a5fd454a-a08d-4fe6-8d7b-248789551000');
insert into seats (id, created_at, updated_at, number,row_id,price_category_id) values ('ad4be087-5343-4e53-b512-6f59b5b2d21a', '20-Jun-2021', '05-Aug-2021', 5,'f4060758-0ced-4270-973b-e385a9302877','525d0c3d-1a1a-4f37-8bbf-abc5e060647b');
insert into seats (id, created_at, updated_at, number,row_id,price_category_id) values ('155c49d6-f102-4bda-9ce2-9925cf9686d8', '02-Oct-2021', '23-Aug-2021', 1,'e42bb871-de9b-4be7-8a2d-c437fb58e451','ce5c731e-c473-444f-8973-487ef5ff143e');
insert into seats (id, created_at, updated_at, number,row_id,price_category_id) values ('b7254f59-61c2-4887-9449-13b96b12818d', '14-Mar-2022', '25-Feb-2022', 2,'6b94dfb1-702a-48b4-b146-12d43c97d4d9','4d02bc47-ae5c-432d-a61d-e2ad6b9b535e');
insert into seats (id, created_at, updated_at, number,row_id,price_category_id) values ('6c8e618c-d691-4ec5-8c41-a140963c6e11', '12-Aug-2021', '20-Sep-2021', 3,'4b155cd6-e43b-48c5-8459-5d93a01a035c','a5fd454a-a08d-4fe6-8d7b-248789551000');
insert into seats (id, created_at, updated_at, number,row_id,price_category_id) values ('a6d9c254-ae62-4225-9e6c-aa36a8d8f1b3', '13-Jun-2021', '18-Apr-2021', 4,'f66f4be9-5f62-4149-b5b7-8674426456a0','525d0c3d-1a1a-4f37-8bbf-abc5e060647b');
insert into seats (id, created_at, updated_at, number,row_id,price_category_id) values ('a20dade2-9caa-423e-ab9e-9a405148a6ef', '04-Jan-2022', '14-Apr-2021', 5,'f930780e-33e1-4f1d-b6b2-fcafcafb5604','ce5c731e-c473-444f-8973-487ef5ff143e');
insert into seats (id, created_at, updated_at, number,row_id,price_category_id) values ('6b2938b7-7578-47d8-9b8d-01cbeafd42d8', '13-Jul-2021', '10-Jan-2022', 1,'1e19fb60-7d6d-4d28-a5a7-72ce548829d3','4d02bc47-ae5c-432d-a61d-e2ad6b9b535e');
insert into seats (id, created_at, updated_at, number,row_id,price_category_id) values ('47635602-5cd5-4c51-b9f8-574d3c3b8803', '22-May-2021', '28-Apr-2021', 2,'8bce6b96-2781-4ebc-9533-81134b3a3be7','a5fd454a-a08d-4fe6-8d7b-248789551000');
insert into seats (id, created_at, updated_at, number,row_id,price_category_id) values ('749ac722-2e15-49d1-a305-6dc533e2cf17', '16-Jan-2022', '08-Aug-2021', 3,'06d0e1af-8851-4842-9ac4-b5621c29b9ce','525d0c3d-1a1a-4f37-8bbf-abc5e060647b');
insert into seats (id, created_at, updated_at, number,row_id,price_category_id) values ('6f565138-84e5-4564-9909-57ad68c3a5ba', '28-Feb-2022', '11-Jan-2022', 4,'4dea26a2-77f1-447b-b403-9a0cfedd1427','ce5c731e-c473-444f-8973-487ef5ff143e');
insert into seats (id, created_at, updated_at, number,row_id,price_category_id) values ('b0e19271-9b07-41f6-a51e-48d5d35521d8', '24-Mar-2021', '04-Aug-2021', 5,'3bda20c1-4184-4537-b3c3-40dc2d886369','4d02bc47-ae5c-432d-a61d-e2ad6b9b535e');
insert into seats (id, created_at, updated_at, number,row_id,price_category_id) values ('00faccc4-3b07-499e-a947-b659d9b7bbfb', '19-May-2021', '26-Jul-2021', 1,'85452d3c-2867-4293-8483-563a28237c2e','a5fd454a-a08d-4fe6-8d7b-248789551000');
insert into seats (id, created_at, updated_at, number,row_id,price_category_id) values ('40f1178c-7d55-40a2-80f5-20fd1469e5c5', '23-Jun-2021', '17-Sep-2021', 2,'db7ece5a-4906-487d-aa10-4ffc696da900','525d0c3d-1a1a-4f37-8bbf-abc5e060647b');
insert into seats (id, created_at, updated_at, number,row_id,price_category_id) values ('4fe08423-6f11-4f60-ba04-b1f15a2e3da9', '02-Aug-2021', '08-Jul-2021', 3,'4e3e0f62-42d1-44c4-a9d2-c25b4e1d04cc','ce5c731e-c473-444f-8973-487ef5ff143e');
insert into seats (id, created_at, updated_at, number,row_id,price_category_id) values ('51943fe0-4d14-4209-8b23-e41445d5271b', '21-Mar-2021', '20-Sep-2021', 4,'57df8bb6-0cb3-4ae9-94f9-216450538840','4d02bc47-ae5c-432d-a61d-e2ad6b9b535e');
insert into seats (id, created_at, updated_at, number,row_id,price_category_id) values ('db6fafa4-ce4d-4fb8-bc54-ece6d63f96db', '30-Dec-2021', '09-Sep-2021', 5,'acfaf526-add4-4da0-a9ad-4484287c1db0','a5fd454a-a08d-4fe6-8d7b-248789551000');
insert into seats (id, created_at, updated_at, number,row_id,price_category_id) values ('c27138c2-d579-4c19-9b83-7feb2b6bfba1', '03-Sep-2021', '24-Apr-2021', 1,'1516f106-986b-460d-92d8-d1f17c9523b9','525d0c3d-1a1a-4f37-8bbf-abc5e060647b');
insert into seats (id, created_at, updated_at, number,row_id,price_category_id) values ('9201285b-cbd5-4d31-8079-ee840bf191cb', '14-Jan-2022', '22-Oct-2021', 2,'2f933c28-3ce3-42df-a7e2-9d5f330b6755','ce5c731e-c473-444f-8973-487ef5ff143e');
insert into seats (id, created_at, updated_at, number,row_id,price_category_id) values ('451ff97a-f446-4ba0-92df-2e4a544af8bb', '15-Jul-2021', '05-Dec-2021', 3,'9d4c761f-6fe7-4724-af33-8fb63eb6162f','4d02bc47-ae5c-432d-a61d-e2ad6b9b535e');
insert into seats (id, created_at, updated_at, number,row_id,price_category_id) values ('28b3f724-ed3c-4b9b-a957-68a53e38dea2', '01-Apr-2021', '08-Jan-2022', 4,'7e4e2acc-ca0f-4eae-a420-839047d06efe','a5fd454a-a08d-4fe6-8d7b-248789551000');
insert into seats (id, created_at, updated_at, number,row_id,price_category_id) values ('bf9d7ded-a09b-467d-a48c-f04a183e56c8', '07-Apr-2021', '25-Aug-2021', 5,'58fbb227-f958-4cf9-b833-050f8103edc5','525d0c3d-1a1a-4f37-8bbf-abc5e060647b');


-- tickets insert into
insert into tickets (id, price, qr_code,created_at,status,seat_id,movie_session_id, checked) values ('4282c77a-1069-457c-a74f-614cdc456f66', 4898, '0538405570','2022-01-22','NEW','a20dade2-9caa-423e-ab9e-9a405148a6ef','06a222f4-03b5-4af0-a144-d88b0ba7420c',false);
insert into tickets (id, price, qr_code,created_at,status,seat_id,movie_session_id, checked) values ('4110a170-55e3-4f5a-9f35-38d133e07826', 559, '4805139129','2022-03-01','NEW','a37aa56e-04d0-4aa4-8b7e-6cd44000d68b','06a222f4-03b5-4af0-a144-d88b0ba7420c',false);
insert into tickets (id, price, qr_code,created_at,status,seat_id,movie_session_id, checked) values ('bff52b7f-7b01-4f1d-8764-854b759752aa', 1866, '1844023591','2022-01-04','NEW','b9094581-6bd1-48df-9560-123708408ae2','06a222f4-03b5-4af0-a144-d88b0ba7420c',false);
insert into tickets (id, price, qr_code,created_at,status,seat_id,movie_session_id, checked) values ('7b19f81c-4ed0-4b49-9f7a-9ca0af19298b', 967, '8523717676','2022-02-22','NEW','0e5a3e53-415b-4065-9b5f-ed596dd95780','06a222f4-03b5-4af0-a144-d88b0ba7420c',false);
insert into tickets (id, price, qr_code,created_at,status,seat_id,movie_session_id, checked) values ('2125ff73-53f9-47ea-99f9-760f03e2b8fa', 4774, '9837747099','2022-01-15','NEW','eb3b3b9d-383b-4cac-9a5f-8a1063d6a693','06a222f4-03b5-4af0-a144-d88b0ba7420c',false);

insert into tickets (id, price, qr_code,created_at,status,seat_id,movie_session_id, checked) values ('f3e23bce-0ae4-418b-b168-6d167a41efe8', 9252, '7293798199','2022-03-06','NEW','56aa669e-8fed-4c26-8269-42136ac2082d','31084307-31e4-4366-967b-4f070574d75e',false);
insert into tickets (id, price, qr_code,created_at,status,seat_id,movie_session_id, checked) values ('4fbbcc28-978d-4a03-bf71-4eb131898d0a', 9582, '4814991940','2022-01-04','NEW','66579cd6-49bb-4451-acfb-ce28facbb9c1','31084307-31e4-4366-967b-4f070574d75e',false);
insert into tickets (id, price, qr_code,created_at,status,seat_id,movie_session_id, checked) values ('6567ac8b-6a3f-4952-87ef-76fc31757a53', 9730, '9009825922','2022-03-25','NEW','e4b86221-d16e-4ec6-9fc3-584e9e77aeb3','31084307-31e4-4366-967b-4f070574d75e',false);
insert into tickets (id, price, qr_code,created_at,status,seat_id,movie_session_id, checked) values ('78b0d2c7-7e96-4a44-8f16-7f8f81da911c', 4639, '4945880530','2022-01-31','NEW','929d1ae4-895e-4828-8d6c-0264e547ef15','31084307-31e4-4366-967b-4f070574d75e',false);
insert into tickets (id, price, qr_code,created_at,status,seat_id,movie_session_id, checked) values ('66d3ba4c-77cf-428a-b06d-02640428c03d', 6812, '5841473212','2022-03-27','NEW','6acc398a-a9cc-49d0-bd4b-0cb0fbe1e7e8','31084307-31e4-4366-967b-4f070574d75e',false);

insert into tickets (id, price, qr_code,created_at,status,seat_id,movie_session_id, checked) values ('caad28e8-3733-4922-b2f4-18fca0e69cda', 9887, '8045785748','2022-01-31','NEW','94c5f095-7c66-47f9-8178-158e840fcb5e','d59d461f-125e-4b60-ae03-2e6582920285',false);
insert into tickets (id, price, qr_code,created_at,status,seat_id,movie_session_id, checked) values ('4ac28c27-15ef-4dbb-931d-3f4925422057', 9973, '8718375901','2022-03-17','NEW','af948954-35e5-41dd-9196-fb4de696e09a','d59d461f-125e-4b60-ae03-2e6582920285',false);
insert into tickets (id, price, qr_code,created_at,status,seat_id,movie_session_id, checked) values ('c7df3190-26bb-443b-85ea-09c70949f49c', 9304, '9283154452','2022-02-03','NEW','f33998f0-82b9-4000-b193-9735ca4e2033','d59d461f-125e-4b60-ae03-2e6582920285',false);
insert into tickets (id, price, qr_code,created_at,status,seat_id,movie_session_id, checked) values ('75b549ec-75f6-45b2-9aa1-26cc760a4e04', 595, '4778701305','2022-03-19','NEW','7840583d-6fda-4bcb-be66-d387f672a007','d59d461f-125e-4b60-ae03-2e6582920285',false);
insert into tickets (id, price, qr_code,created_at,status,seat_id,movie_session_id, checked) values ('66292b28-207f-4936-bf8e-59cd189b8fab', 1810, '7495751649','2022-02-02','NEW','2de38611-7a3f-4a80-82e7-ccd1fea0708e','d59d461f-125e-4b60-ae03-2e6582920285',false);


insert into tickets (id, price, qr_code,created_at,status,seat_id,movie_session_id, checked) values ('53a32c30-7dd1-4fda-ba19-aa0360f479d1', 9538, '7344159910','2022-03-15','NEW','12b6a6e9-5629-4d3b-bc64-8800a413e63e','7d3d5760-5978-4558-8d8e-784ed4dd9133',false);
----------------------------------------
insert into tickets (id, price, qr_code,created_at,status,seat_id,movie_session_id, checked) values ('a6d1a049-e075-4012-8a0e-60b4aafbef40', 6489, '0082171726','2022-02-08','PURCHASED','21c030cf-8b39-45a4-a344-5c464f7a4cd2','7d3d5760-5978-4558-8d8e-784ed4dd9133',false);
insert into tickets (id, price, qr_code,created_at,status,seat_id,movie_session_id, checked) values ('705f9c79-8d89-4c80-8a81-68ee9fd7453b', 798, '2399817125','2022-03-08','PURCHASED','4188fa43-faa9-4e03-a4ab-6ce57c96f4a8','7d3d5760-5978-4558-8d8e-784ed4dd9133',false);
insert into tickets (id, price, qr_code,created_at,status,seat_id,movie_session_id, checked) values ('cdb72f86-5c72-4ba8-80ee-e1688f196f8f', 5663, '5417764957','2022-01-17','PURCHASED','6db75c1a-1bef-4332-9b48-e1b7f4db692a','7d3d5760-5978-4558-8d8e-784ed4dd9133',false);
insert into tickets (id, price, qr_code,created_at,status,seat_id,movie_session_id, checked) values ('885715d5-f935-46d8-918a-d183795d3997', 3431, '9398926369','2022-02-19','PURCHASED','1b0e9b50-04ed-41ee-9dfa-7435823fe1bb','7d3d5760-5978-4558-8d8e-784ed4dd9133',false);


insert into tickets (id, price, qr_code,created_at,status,seat_id,movie_session_id, checked) values ('3ddf1cca-c143-4f3f-bed8-5c8ed92fb992', 5776, '7156607979','2022-01-29','PURCHASED','4bcae7dd-f475-4d7c-804e-3b0a29fe0d9c','11d1d36c-479b-4dec-b7d2-d2b9a25d721e',false);
insert into tickets (id, price, qr_code,created_at,status,seat_id,movie_session_id, checked) values ('add78c6d-e21f-4dcc-84c1-bd78230b8044', 1241, '0746036213','2022-02-21','PURCHASED','9009ea70-2f2a-4e7f-9b61-d4b5b79a66c4','11d1d36c-479b-4dec-b7d2-d2b9a25d721e',false);
insert into tickets (id, price, qr_code,created_at,status,seat_id,movie_session_id, checked) values ('d74d7880-3e81-473c-9deb-18881a9ce4e2', 1950, '8118598071','2022-01-16','PURCHASED','27b7ef57-6e2f-42e2-8eb8-ab7278bb6bbe','11d1d36c-479b-4dec-b7d2-d2b9a25d721e',false);
insert into tickets (id, price, qr_code,created_at,status,seat_id,movie_session_id, checked) values ('ed8b06e5-d0fa-4f90-9b9c-4afd37eab365', 8869, '6993579235','2022-03-09','PURCHASED','2b5f4138-c533-446c-beda-24ae22728966','11d1d36c-479b-4dec-b7d2-d2b9a25d721e',false);
insert into tickets (id, price, qr_code,created_at,status,seat_id,movie_session_id, checked) values ('3de7acc5-179f-4b6b-99a3-3c4e40e7b0bc', 2293, '7233094470','2022-01-22','PURCHASED','e1929095-62b8-4bc2-8841-0a0d990c76c5','11d1d36c-479b-4dec-b7d2-d2b9a25d721e',false);


insert into tickets (id, price, qr_code,created_at,status,seat_id,movie_session_id, checked) values ('6d16e34c-4e22-435b-9190-9dd43fb74254', 6737, '2304388094','2022-02-21','PURCHASED','57bfb335-3ead-40be-85f8-0387cab52e37','f4bdc633-1d75-4a97-b5c1-fd7b91fe636d',false);
insert into tickets (id, price, qr_code,created_at,status,seat_id,movie_session_id, checked) values ('16a33195-07fc-4303-baf5-7fd1bd69345e', 524, '9185134597','2022-01-26','PURCHASED','355b32ed-be45-4228-bc1c-aa8eb9001f25','f4bdc633-1d75-4a97-b5c1-fd7b91fe636d',false);
insert into tickets (id, price, qr_code,created_at,status,seat_id,movie_session_id, checked) values ('cc09fe08-8e07-4c88-9551-774ceae4080b', 889, '3595956982','2022-03-14','PURCHASED','5904f86e-1e01-4cc2-9631-28375680dfd6','f4bdc633-1d75-4a97-b5c1-fd7b91fe636d',false);
insert into tickets (id, price, qr_code,created_at,status,seat_id,movie_session_id, checked) values ('ffea4d23-727b-4dad-8625-94141d841da1', 1241, '3129371222','2022-01-23','PURCHASED','32638f80-7e08-4824-b541-de2fcdaddcad','f4bdc633-1d75-4a97-b5c1-fd7b91fe636d',false);
insert into tickets (id, price, qr_code,created_at,status,seat_id,movie_session_id, checked) values ('551d2f0d-e7ba-483b-8450-e0ddb34a27d3', 1678, '1631306391','2022-03-04','PURCHASED','bc0c1ed3-1313-4a2c-acb0-12343a73447c','f4bdc633-1d75-4a97-b5c1-fd7b91fe636d',false);
insert into tickets (id, price, qr_code,created_at,status,seat_id,movie_session_id, checked) values ('e5b993f9-6dac-4008-bbb6-4316e7036a0f', 9103, '7388672060','2022-01-06','PURCHASED','a2c6c749-a864-40fc-9808-95616490a738','f4bdc633-1d75-4a97-b5c1-fd7b91fe636d',false);
insert into tickets (id, price, qr_code,created_at,status,seat_id,movie_session_id, checked) values ('e84ce7c3-423f-4231-87f9-0ff5cfae449c', 5741, '8213076893','2022-02-16','PURCHASED','6e9fa59a-e71a-4e82-81f4-79bf35d96041','f4bdc633-1d75-4a97-b5c1-fd7b91fe636d',false);
insert into tickets (id, price, qr_code,created_at,status,seat_id,movie_session_id, checked) values ('94aec0cd-4c5f-4a11-a916-ed4d66def35b', 195, '9231104748','2022-01-30','PURCHASED','784eb953-5472-46ed-82c0-d50a54e156e9','f4bdc633-1d75-4a97-b5c1-fd7b91fe636d',false);
insert into tickets (id, price, qr_code,created_at,status,seat_id,movie_session_id, checked) values ('1922591e-ef40-4cf7-b910-7c4cc3f8d752', 1009, '2925984916','2022-03-20','PURCHASED','54145c0f-e2a9-4666-b278-755a2c72a243','f4bdc633-1d75-4a97-b5c1-fd7b91fe636d',false);
insert into tickets (id, price, qr_code,created_at,status,seat_id,movie_session_id, checked) values ('a130d372-bed4-4fb4-9af3-ce5168daf8d0', 7545, '5287921438','2022-01-04','PURCHASED','7936bbd8-0661-4dc9-b960-382748bbb84f','f4bdc633-1d75-4a97-b5c1-fd7b91fe636d',false);
insert into tickets (id, price, qr_code,created_at,status,seat_id,movie_session_id, checked) values ('a38887c4-39df-47b4-b09f-a86baa74626c', 2754, '2911242963','2022-03-08','PURCHASED','c5f34528-821c-4b84-ac17-df3b17d0451a','f4bdc633-1d75-4a97-b5c1-fd7b91fe636d',false);
insert into tickets (id, price, qr_code,created_at,status,seat_id,movie_session_id, checked) values ('3c49b358-8fb9-4b63-a838-2b801d79deaf', 9955, '1613157878','2022-01-23','PURCHASED','e4444ee2-06ac-479f-b33e-de79324baf69','f4bdc633-1d75-4a97-b5c1-fd7b91fe636d',false);


insert into tickets (id, price, qr_code,created_at,status,seat_id,movie_session_id, checked) values ('aa5f235d-f184-42b3-a815-c61886d88527', 7191, '2422338925','2022-03-20','PURCHASED','5832d27d-44a4-4924-affa-83389b27f292','0c39d343-6261-44fb-a770-41e3edfbd99a',false);
insert into tickets (id, price, qr_code,created_at,status,seat_id,movie_session_id, checked) values ('61387f4f-aa4f-4cd4-998d-31463aa4b7bb', 5347, '1454382007','2022-01-23','PURCHASED','d607911a-8903-4cdf-91a0-93d0456b62a5','0c39d343-6261-44fb-a770-41e3edfbd99a',false);
insert into tickets (id, price, qr_code,created_at,status,seat_id,movie_session_id, checked) values ('3487d1ff-04d3-4a09-84f8-d7101d1061bc', 861, '2441775510','2022-03-22','PURCHASED','827a92c0-c6e8-4416-a774-98d2a7e76343','0c39d343-6261-44fb-a770-41e3edfbd99a',false);
insert into tickets (id, price, qr_code,created_at,status,seat_id,movie_session_id, checked) values ('1cf40fd0-b427-422c-8dc1-31fbab99ced3', 4805, '7682937610','2022-01-12','PURCHASED','95fd6a90-6f6f-4c32-94e6-d42496bbf1c6','0c39d343-6261-44fb-a770-41e3edfbd99a',false);
insert into tickets (id, price, qr_code,created_at,status,seat_id,movie_session_id, checked) values ('26d49b05-1b72-4982-96fa-b6182d97c572', 5901, '8264921779','2022-03-03','PURCHASED','cc8a4955-3e3b-4b6e-b8c1-11dd2efd32d0','0c39d343-6261-44fb-a770-41e3edfbd99a',false);
insert into tickets (id, price, qr_code,created_at,status,seat_id,movie_session_id, checked) values ('0cf4e5e5-3ccf-494e-b13b-2eea51d0f4c6', 1091, '7105775386','2022-01-07','PURCHASED','d889fb62-07b7-481a-b63a-fef3c71fd687','0c39d343-6261-44fb-a770-41e3edfbd99a',false);
--------------------------------------
insert into tickets (id, price, qr_code,created_at,status,seat_id,movie_session_id, checked) values ('3987b992-2443-42d8-a3c9-61e03e53c1f5', 9687, '5581054363','2022-02-27','NEW','357ab371-8ea6-446e-9b41-4e5ae57e94fa','0c39d343-6261-44fb-a770-41e3edfbd99a',false);
insert into tickets (id, price, qr_code,created_at,status,seat_id,movie_session_id, checked) values ('88a983fc-4011-4511-b5a9-a3938a7ddac8', 9111, '1970535628','2022-01-18','NEW','17bafc64-25df-48b8-9a87-8e15ad9c3d87','0c39d343-6261-44fb-a770-41e3edfbd99a',false);
insert into tickets (id, price, qr_code,created_at,status,seat_id,movie_session_id, checked) values ('66a001bc-239f-49da-906b-888d32db3e3b', 472, '5683439388','2022-02-27','NEW','5afcf27d-a356-4ddc-83ab-b6e2752d1466','0c39d343-6261-44fb-a770-41e3edfbd99a',false);
insert into tickets (id, price, qr_code,created_at,status,seat_id,movie_session_id, checked) values ('28374c07-ae20-4f11-9c33-e5c5b470fa80', 4098, '9531940967','2022-01-18','NEW','42441356-cad0-4fbf-bdb8-ea4339ffc8ea','0c39d343-6261-44fb-a770-41e3edfbd99a',false);
insert into tickets (id, price, qr_code,created_at,status,seat_id,movie_session_id, checked) values ('01cde33f-423a-4640-9120-4c0098b0ae0a', 6817, '0615630332','2022-03-31','NEW','1051069c-5a6d-4cdf-8f58-2ab35c827b7c','0c39d343-6261-44fb-a770-41e3edfbd99a',false);
insert into tickets (id, price, qr_code,created_at,status,seat_id,movie_session_id, checked) values ('89aefe5f-740c-4267-82c3-b7cc5d028e38', 868, '1284053091','2022-01-09','NEW','155c49d6-f102-4bda-9ce2-9925cf9686d8','0c39d343-6261-44fb-a770-41e3edfbd99a',false);
insert into tickets (id, price, qr_code,created_at,status,seat_id,movie_session_id, checked) values ('aa9da21f-0f66-4afe-967c-e9c73ce8455f', 1798, '0681461373','2022-03-04','NEW','00faccc4-3b07-499e-a947-b659d9b7bbfb','0c39d343-6261-44fb-a770-41e3edfbd99a',false);

-------------------------------------- insert into users

insert into users (id, full_name, email, bio, password, phone_number, username) values ('2fa27bbe-944c-4cd9-8296-a97025d4bee2', 'Islomjon Isoqov', 'axranaeva@gmail.com', 'elementum eu interdum', '11', 'flLjPNTj', 'islom');
insert into users (id, full_name, email, bio, password, phone_number, username) values ('4835d0b5-cf97-48db-b04c-845c4e8bc950', 'Legra Meadowcraft', 'lmeadowcraft1@omniture.com', 'hac', '22', '5EYUqCw9Xi', 'lmeadowcraft1');
insert into users (id, full_name, email, bio, password, phone_number, username) values ('6ce91a46-3ce9-4e92-b40c-4d51df8b247d', 'Junie Kift', 'jkift2@woothemes.com', 'lobortis sapien sapien non', '33', 'GxGBlLcq', 'jkift2');
insert into users (id, full_name, email, bio, password, phone_number, username) values ('26c8f749-24cd-4af4-8295-30fe5a2a9307', 'Marti Caldairou', 'mcaldairou3@smh.com.au', 'sapien quis libero nullam sit', '44', 'Uzbu1gytwy4a', 'mcaldairou3');
insert into users (id, full_name, email, bio, password, phone_number, username) values ('ac5c8a6c-4ce6-4b40-b766-0e52cc04cf36', 'Sutton Lermouth', 'slermouth4@omniture.com', 'diam in', '55', '5ki3vE', 'slermouth4');
insert into users (id, full_name, email, bio, password, phone_number, username) values ('e882fd43-8ae3-42bb-a7de-1f24e5e70ffe', 'Emmalynn Helian', 'ehelian5@youtu.be', 'varius integer ac leo', '66', 'qnhc7Dbda', 'ehelian5');
insert into users (id, full_name, email, bio, password, phone_number, username) values ('c910bf64-9674-486e-8113-5856e780b493', 'Ida Paulet', 'ipaulet6@seattletimes.com', 'eu mi nulla ac enim', '77', '7QFVlI', 'ipaulet6');
insert into users (id, full_name, email, bio, password, phone_number, username) values ('ed2dc558-065b-4165-b30a-0a629358b2e4', 'Fernandina Eldin', 'feldin7@mediafire.com', 'suspendisse potenti in eleifend quam', '88', 'W9tiAz3', 'feldin7');
insert into users (id, full_name, email, bio, password, phone_number, username) values ('d8563e75-ca0d-402d-a9fe-fc04e76994ed', 'Dory Kincey', 'dkincey8@cargocollective.com', 'aliquet', '99', 'aBHZ1YB8K7', 'dkincey8');
insert into users (id, full_name, email, bio, password, phone_number, username) values ('07212184-ad92-4570-9499-491390684f82', 'Atlante Simao', 'asimao9@whitehouse.gov', 'convallis', '10', 'bZMcUKxZN', 'asimao9');


--------------------------------------------- insert into carts

-- insert into carts (id, user_id) values ('91e6bbb3-0e94-4bc0-9f2a-3e681c5eb991','2fa27bbe-944c-4cd9-8296-a97025d4bee2');
-- insert into carts (id, user_id) values ('d6e8f759-b1d0-4a85-8b7d-abb6fdc282e3','4835d0b5-cf97-48db-b04c-845c4e8bc950');
-- insert into carts (id, user_id) values ('f6f1dcf8-2ec8-4b50-bdb1-633102dffe33','6ce91a46-3ce9-4e92-b40c-4d51df8b247d');
-- insert into carts (id, user_id) values ('3a448a6c-1b63-42a7-963a-0c2551816e87','ac5c8a6c-4ce6-4b40-b766-0e52cc04cf36');
-- insert into carts (id, user_id) values ('d484ec05-4b40-45f6-9c48-3ccda6973751','e882fd43-8ae3-42bb-a7de-1f24e5e70ffe');
-- insert into carts (id, user_id) values ('9458c2f8-07ab-456d-a490-95acf91ceef8','c910bf64-9674-486e-8113-5856e780b493');
-- insert into carts (id, user_id) values ('bad12313-eb9b-4310-9624-8b879bc7ea5c','ed2dc558-065b-4165-b30a-0a629358b2e4');
-- insert into carts (id, user_id) values ('5cae1889-5991-4dd3-9f97-595a1d57aaf8','d8563e75-ca0d-402d-a9fe-fc04e76994ed');
-- insert into carts (id, user_id) values ('92ed4d70-dff1-471b-8749-5cb85205537e','07212184-ad92-4570-9499-491390684f82');


------------------------------------ insert pay type
insert into pay_types(id, created_at, updated_at, name, logo_id) values ('c2c67a89-de82-4183-ba6b-9d3a920965fb','2022-01-06','2022-02-16','card',null);
insert into cash_box(id, created_at, updated_at, balance, name) values ('3aaef8e4-f195-493f-aaea-3f93e302f0eb', '2022-01-30','2022-03-20',0,'cashbox 1');
-- insert into carts (id, user_id) values ('1be75f90-177d-469b-8937-ad16805a3623','26c8f749-24cd-4af4-8295-30fe5a2a9307');


insert into refund_charge_fees(id, created_at,  updated_at,  charge_fee_in_percentage, interval_in_minutes) values ('8a7d6245-3c67-4b63-9d07-6fd829f75f22', '2022-01-04','2022-03-08',5,43200);
insert into refund_charge_fees(id, created_at,  updated_at,  charge_fee_in_percentage, interval_in_minutes) values ('3ec632b4-b355-4efe-8c36-bb179bfe20d3', '2022-01-23','2022-03-20',20,28800);
insert into refund_charge_fees(id, created_at,  updated_at,  charge_fee_in_percentage, interval_in_minutes) values ('c11f1f85-90e6-47a7-bf61-c81e85d1a2ff', '2022-01-23','2022-03-22',40,17280);
insert into refund_charge_fees(id, created_at,  updated_at,  charge_fee_in_percentage, interval_in_minutes) values ('5af3884a-5354-4d32-b7d9-8198806e6f60', '2022-01-12','2022-03-03',70,7200);
insert into refund_charge_fees(id, created_at,  updated_at,  charge_fee_in_percentage, interval_in_minutes) values ('2ecd2c1f-2033-44df-8520-0827c24d4c1a', '2022-01-07','2022-02-27',100,720);



-- insert into purchase_histories (id, created_at, updated_at, intent_id,refund,total_amount,user_id) values ('46b18f2e-64cc-46b9-89e3-74d34ddb347d', '03-09-2021', '01-04-2022', 100,false,6489,'2fa27bbe-944c-4cd9-8296-a97025d4bee2');
-- insert into purchase_histories (id, created_at, updated_at, intent_id,refund,total_amount,user_id) values ('b79bfe2f-cb95-48ac-8a43-ebed6149f01b', '21-08-2021', '06-01-2022', 100,false,798,'2fa27bbe-944c-4cd9-8296-a97025d4bee2');
-- insert into purchase_histories (id, created_at, updated_at, intent_id,refund,total_amount,user_id) values ('b166e21b-23ec-4334-bd1d-db14a9d2ce91', '08-08-2021', '06-03-2022', 100,false,5663,'2fa27bbe-944c-4cd9-8296-a97025d4bee2');
-- insert into purchase_histories (id, created_at, updated_at, intent_id,refund,total_amount,user_id) values ('262c3c4f-858d-4eb7-8629-2a27f85d50f6', '15-10-2021', '07-03-2022', 100,false,3431,'2fa27bbe-944c-4cd9-8296-a97025d4bee2');
-- insert into purchase_histories (id, created_at, updated_at, intent_id,refund,total_amount,user_id) values ('560d8d26-6e19-4569-b39b-721a97f7bd71', '24-11-2021', '04-03-2022', 100,false,5776,'2fa27bbe-944c-4cd9-8296-a97025d4bee2');
-- insert into purchase_histories (id, created_at, updated_at, intent_id,refund,total_amount,user_id) values ('7be3eaa9-8cf3-4890-b6a5-40be009dd1d5', '01-08-2021', '09-02-2022', 100,false,1241,'2fa27bbe-944c-4cd9-8296-a97025d4bee2');
-- insert into purchase_histories (id, created_at, updated_at, intent_id,refund,total_amount,user_id) values ('e0755dea-0194-4d86-970d-4b330e67890c', '01-09-2021', '08-01-2022', 100,false,1950,'2fa27bbe-944c-4cd9-8296-a97025d4bee2');
-- insert into purchase_histories (id, created_at, updated_at, intent_id,refund,total_amount,user_id) values ('8e2c52e1-10b9-4f9a-bb0b-dee51c18f096', '21-11-2021', '03-03-2022', 100,false,8869,'2fa27bbe-944c-4cd9-8296-a97025d4bee2');
-- insert into purchase_histories (id, created_at, updated_at, intent_id,refund,total_amount,user_id) values ('f7196bfc-a185-43a0-8781-b8ad2f943f16', '25-11-2021', '14-02-2022', 100,false,2293,'2fa27bbe-944c-4cd9-8296-a97025d4bee2');
-- insert into purchase_histories (id, created_at, updated_at, intent_id,refund,total_amount,user_id) values ('e35c8d64-f4b2-4bc3-9606-f21e5fb22a5b', '12-10-2021', '09-03-2022', 100,false,6737,'2fa27bbe-944c-4cd9-8296-a97025d4bee2');
-- insert into purchase_histories (id, created_at, updated_at, intent_id,refund,total_amount,user_id) values ('0fa72275-58d6-45b5-bbbc-71d95308af92', '20-05-2021', '03-03-2022', 100,false,524,'2fa27bbe-944c-4cd9-8296-a97025d4bee2');
-- insert into purchase_histories (id, created_at, updated_at, intent_id,refund,total_amount,user_id) values ('3868b3f1-100c-4db1-bc9f-5fc4580044fe', '01-10-2021', '14-03-2022', 100,false,889,'2fa27bbe-944c-4cd9-8296-a97025d4bee2');
-- insert into purchase_histories (id, created_at, updated_at, intent_id,refund,total_amount,user_id) values ('71dcfe7b-d597-4be4-8162-e21e0773b51f', '25-06-2021', '17-01-2022', 100,false,1241,'2fa27bbe-944c-4cd9-8296-a97025d4bee2');
-- insert into purchase_histories (id, created_at, updated_at, intent_id,refund,total_amount,user_id) values ('8dac2e8b-8537-4e29-86c5-af025594da9d', '03-05-2021', '07-02-2022', 100,false,1678,'2fa27bbe-944c-4cd9-8296-a97025d4bee2');
-- insert into purchase_histories (id, created_at, updated_at, intent_id,refund,total_amount,user_id) values ('e46b7e48-4415-453d-aef4-c942bc7cd7fb', '28-05-2021', '03-03-2022', 100,false,9103,'2fa27bbe-944c-4cd9-8296-a97025d4bee2');
-- insert into purchase_histories (id, created_at, updated_at, intent_id,refund,total_amount,user_id) values ('40232ca7-8411-47c2-a2fc-ca77151c11ae', '31-12-2021', '06-03-2022', 100,false,5741,'2fa27bbe-944c-4cd9-8296-a97025d4bee2');
-- insert into purchase_histories (id, created_at, updated_at, intent_id,refund,total_amount,user_id) values ('8a77e767-ba1a-4fca-87c9-0d8e81e54dfb', '24-09-2021', '10-01-2022', 100,false,195,'2fa27bbe-944c-4cd9-8296-a97025d4bee2');
-- insert into purchase_histories (id, created_at, updated_at, intent_id,refund,total_amount,user_id) values ('95f1a7c5-c263-4314-a462-96e0114a43fd', '11-08-2021', '08-02-2022', 100,false,1009,'2fa27bbe-944c-4cd9-8296-a97025d4bee2');
-- insert into purchase_histories (id, created_at, updated_at, intent_id,refund,total_amount,user_id) values ('fc7629e7-0bb6-4421-984a-65bbc98516f2', '04-07-2021', '09-03-2022', 100,false,7545,'2fa27bbe-944c-4cd9-8296-a97025d4bee2');
-- insert into purchase_histories (id, created_at, updated_at, intent_id,refund,total_amount,user_id) values ('9b467bcd-1f06-473f-badd-09e70362b1a9', '10-12-2021', '25-01-2022', 100,false,2754,'2fa27bbe-944c-4cd9-8296-a97025d4bee2');
-- insert into purchase_histories (id, created_at, updated_at, intent_id,refund,total_amount,user_id) values ('0962ef9d-7790-49ff-b9c5-450ea328c748', '10-06-2021', '15-01-2022', 100,false,9955,'2fa27bbe-944c-4cd9-8296-a97025d4bee2');
-- insert into purchase_histories (id, created_at, updated_at, intent_id,refund,total_amount,user_id) values ('d1a2fc0b-6ca6-47bf-abf1-a369dde8f422', '19-11-2021', '11-03-2022', 100,false,7191,'2fa27bbe-944c-4cd9-8296-a97025d4bee2');
-- insert into purchase_histories (id, created_at, updated_at, intent_id,refund,total_amount,user_id) values ('17202912-8cb4-4ecd-bd7b-0f690a00d4b4', '30-04-2021', '10-01-2022', 100,false,5347,'2fa27bbe-944c-4cd9-8296-a97025d4bee2');
-- insert into purchase_histories (id, created_at, updated_at, intent_id,refund,total_amount,user_id) values ('646eb881-6b30-4de2-9d85-3120d30addd7', '14-10-2021', '04-02-2022', 100,false,861,'2fa27bbe-944c-4cd9-8296-a97025d4bee2');
-- insert into purchase_histories (id, created_at, updated_at, intent_id,refund,total_amount,user_id) values ('0601282f-21cb-47c8-9f2f-8a466ac2200c', '09-04-2021', '21-02-2022', 100,false,4805,'2fa27bbe-944c-4cd9-8296-a97025d4bee2');
-- insert into purchase_histories (id, created_at, updated_at, intent_id,refund,total_amount,user_id) values ('d4d03db8-201b-485a-aaa8-d26f80457b14', '04-12-2021', '03-02-2022', 100,false,5901,'2fa27bbe-944c-4cd9-8296-a97025d4bee2');
-- insert into purchase_histories (id, created_at, updated_at, intent_id,refund,total_amount,user_id) values ('25837777-c5ac-47ca-9aee-525f4dd04ed4', '03-07-2021', '08-01-2022', 100,false,1091,'2fa27bbe-944c-4cd9-8296-a97025d4bee2');


-- insert into purchase_histories_tickets(purchase_history_id, ticket_id) values ('46b18f2e-64cc-46b9-89e3-74d34ddb347d','a6d1a049-e075-4012-8a0e-60b4aafbef40');
-- insert into purchase_histories_tickets(purchase_history_id, ticket_id) values ('b79bfe2f-cb95-48ac-8a43-ebed6149f01b','705f9c79-8d89-4c80-8a81-68ee9fd7453b');
-- insert into purchase_histories_tickets(purchase_history_id, ticket_id) values ('b166e21b-23ec-4334-bd1d-db14a9d2ce91','cdb72f86-5c72-4ba8-80ee-e1688f196f8f');
-- insert into purchase_histories_tickets(purchase_history_id, ticket_id) values ('262c3c4f-858d-4eb7-8629-2a27f85d50f6','885715d5-f935-46d8-918a-d183795d3997');
-- insert into purchase_histories_tickets(purchase_history_id, ticket_id) values ('560d8d26-6e19-4569-b39b-721a97f7bd71','3ddf1cca-c143-4f3f-bed8-5c8ed92fb992');
-- insert into purchase_histories_tickets(purchase_history_id, ticket_id) values ('7be3eaa9-8cf3-4890-b6a5-40be009dd1d5','add78c6d-e21f-4dcc-84c1-bd78230b8044');
-- insert into purchase_histories_tickets(purchase_history_id, ticket_id) values ('e0755dea-0194-4d86-970d-4b330e67890c','d74d7880-3e81-473c-9deb-18881a9ce4e2');
-- insert into purchase_histories_tickets(purchase_history_id, ticket_id) values ('8e2c52e1-10b9-4f9a-bb0b-dee51c18f096','ed8b06e5-d0fa-4f90-9b9c-4afd37eab365');
-- insert into purchase_histories_tickets(purchase_history_id, ticket_id) values ('f7196bfc-a185-43a0-8781-b8ad2f943f16','3de7acc5-179f-4b6b-99a3-3c4e40e7b0bc');
-- insert into purchase_histories_tickets(purchase_history_id, ticket_id) values ('e35c8d64-f4b2-4bc3-9606-f21e5fb22a5b','6d16e34c-4e22-435b-9190-9dd43fb74254');
-- insert into purchase_histories_tickets(purchase_history_id, ticket_id) values ('0fa72275-58d6-45b5-bbbc-71d95308af92','16a33195-07fc-4303-baf5-7fd1bd69345e');
-- insert into purchase_histories_tickets(purchase_history_id, ticket_id) values ('3868b3f1-100c-4db1-bc9f-5fc4580044fe','cc09fe08-8e07-4c88-9551-774ceae4080b');
-- insert into purchase_histories_tickets(purchase_history_id, ticket_id) values ('71dcfe7b-d597-4be4-8162-e21e0773b51f','ffea4d23-727b-4dad-8625-94141d841da1');
-- insert into purchase_histories_tickets(purchase_history_id, ticket_id) values ('8dac2e8b-8537-4e29-86c5-af025594da9d','551d2f0d-e7ba-483b-8450-e0ddb34a27d3');
-- insert into purchase_histories_tickets(purchase_history_id, ticket_id) values ('e46b7e48-4415-453d-aef4-c942bc7cd7fb','e5b993f9-6dac-4008-bbb6-4316e7036a0f');
-- insert into purchase_histories_tickets(purchase_history_id, ticket_id) values ('40232ca7-8411-47c2-a2fc-ca77151c11ae','e84ce7c3-423f-4231-87f9-0ff5cfae449c');
-- insert into purchase_histories_tickets(purchase_history_id, ticket_id) values ('8a77e767-ba1a-4fca-87c9-0d8e81e54dfb','94aec0cd-4c5f-4a11-a916-ed4d66def35b');
-- insert into purchase_histories_tickets(purchase_history_id, ticket_id) values ('95f1a7c5-c263-4314-a462-96e0114a43fd','1922591e-ef40-4cf7-b910-7c4cc3f8d752');
-- insert into purchase_histories_tickets(purchase_history_id, ticket_id) values ('fc7629e7-0bb6-4421-984a-65bbc98516f2','a130d372-bed4-4fb4-9af3-ce5168daf8d0');
-- insert into purchase_histories_tickets(purchase_history_id, ticket_id) values ('9b467bcd-1f06-473f-badd-09e70362b1a9','a38887c4-39df-47b4-b09f-a86baa74626c');
-- insert into purchase_histories_tickets(purchase_history_id, ticket_id) values ('0962ef9d-7790-49ff-b9c5-450ea328c748','3c49b358-8fb9-4b63-a838-2b801d79deaf');
-- insert into purchase_histories_tickets(purchase_history_id, ticket_id) values ('d1a2fc0b-6ca6-47bf-abf1-a369dde8f422','aa5f235d-f184-42b3-a815-c61886d88527');
-- insert into purchase_histories_tickets(purchase_history_id, ticket_id) values ('17202912-8cb4-4ecd-bd7b-0f690a00d4b4','61387f4f-aa4f-4cd4-998d-31463aa4b7bb');
-- insert into purchase_histories_tickets(purchase_history_id, ticket_id) values ('646eb881-6b30-4de2-9d85-3120d30addd7','3487d1ff-04d3-4a09-84f8-d7101d1061bc');
-- insert into purchase_histories_tickets(purchase_history_id, ticket_id) values ('0601282f-21cb-47c8-9f2f-8a466ac2200c','1cf40fd0-b427-422c-8dc1-31fbab99ced3');
-- insert into purchase_histories_tickets(purchase_history_id, ticket_id) values ('d4d03db8-201b-485a-aaa8-d26f80457b14','26d49b05-1b72-4982-96fa-b6182d97c572');
-- insert into purchase_histories_tickets(purchase_history_id, ticket_id) values ('25837777-c5ac-47ca-9aee-525f4dd04ed4','0cf4e5e5-3ccf-494e-b13b-2eea51d0f4c6');



----------------------------- insert into roles
insert into roles(id, created_at, updated_at, name, role_enum) values ('7fafb521-ff39-49ae-b4c5-b7f2dfb7d8e0',now(),now(),'ROLE_USER','ROLE_USER');
insert into roles(id, created_at, updated_at, name, role_enum) values ('264de6f3-3d29-4d22-8ee4-1a4ef8a2dc29',now(),now(),'ROLE_SUPER_ADMIN','ROLE_SUPER_ADMIN');
insert into roles(id, created_at, updated_at, name, role_enum) values ('c51b4d60-f24b-4818-9c1e-40af42f7ac28',now(),now(),'ROLE_ADMIN','ROLE_ADMIN');


INSERT INTO users_roles (user_id,role_id) values ('2fa27bbe-944c-4cd9-8296-a97025d4bee2','264de6f3-3d29-4d22-8ee4-1a4ef8a2dc29');
INSERT INTO users_roles (user_id,role_id) values ('2fa27bbe-944c-4cd9-8296-a97025d4bee2','c51b4d60-f24b-4818-9c1e-40af42f7ac28');

INSERT INTO users_roles (user_id,role_id) values ('4835d0b5-cf97-48db-b04c-845c4e8bc950','7fafb521-ff39-49ae-b4c5-b7f2dfb7d8e0');
INSERT INTO users_roles (user_id,role_id) values ('6ce91a46-3ce9-4e92-b40c-4d51df8b247d','7fafb521-ff39-49ae-b4c5-b7f2dfb7d8e0');
INSERT INTO users_roles (user_id,role_id) values ('26c8f749-24cd-4af4-8295-30fe5a2a9307','7fafb521-ff39-49ae-b4c5-b7f2dfb7d8e0');
INSERT INTO users_roles (user_id,role_id) values ('ac5c8a6c-4ce6-4b40-b766-0e52cc04cf36','7fafb521-ff39-49ae-b4c5-b7f2dfb7d8e0');
INSERT INTO users_roles (user_id,role_id) values ('e882fd43-8ae3-42bb-a7de-1f24e5e70ffe','7fafb521-ff39-49ae-b4c5-b7f2dfb7d8e0');
INSERT INTO users_roles (user_id,role_id) values ('c910bf64-9674-486e-8113-5856e780b493','7fafb521-ff39-49ae-b4c5-b7f2dfb7d8e0');
INSERT INTO users_roles (user_id,role_id) values ('ed2dc558-065b-4165-b30a-0a629358b2e4','7fafb521-ff39-49ae-b4c5-b7f2dfb7d8e0');
INSERT INTO users_roles (user_id,role_id) values ('d8563e75-ca0d-402d-a9fe-fc04e76994ed','7fafb521-ff39-49ae-b4c5-b7f2dfb7d8e0');
INSERT INTO users_roles (user_id,role_id) values ('07212184-ad92-4570-9499-491390684f82','7fafb521-ff39-49ae-b4c5-b7f2dfb7d8e0');














